#node1	node2	node1_string_id	node2_string_id	neighborhood_on_chromosome	gene_fusion	phylogenetic_cooccurrence	homology	coexpression	experimentally_determined_interaction	database_annotated	automated_textmining	combined_score
ASCL1	PVALB	9606.ENSP00000266744	9606.ENSP00000216200	0	0	0	0	0.081	0	0	0.419	0.443
ASCL1	SLC32A1	9606.ENSP00000266744	9606.ENSP00000217420	0	0	0	0	0.126	0	0	0.379	0.434
ASCL1	SLC17A7	9606.ENSP00000266744	9606.ENSP00000221485	0	0	0	0	0.084	0	0	0.466	0.489
ASCL1	DLX2	9606.ENSP00000266744	9606.ENSP00000234198	0	0	0	0	0	0	0	0.926	0.926
ASCL1	GFAP	9606.ENSP00000266744	9606.ENSP00000253408	0	0	0	0	0.121	0	0	0.654	0.683
ASCL1	EMX1	9606.ENSP00000266744	9606.ENSP00000258106	0	0	0	0	0.085	0	0	0.508	0.530
ASCL1	SLC17A6	9606.ENSP00000266744	9606.ENSP00000263160	0	0	0	0	0.106	0	0	0.450	0.487
ASCL1	CALB1	9606.ENSP00000266744	9606.ENSP00000265431	0	0	0	0	0.056	0	0	0.491	0.499
ASCL1	SST	9606.ENSP00000266744	9606.ENSP00000287641	0	0	0	0	0.086	0	0	0.398	0.426
ASCL1	GAD2	9606.ENSP00000266744	9606.ENSP00000365437	0	0	0	0	0.113	0	0	0.384	0.431
ASCL1	BCL11B	9606.ENSP00000266744	9606.ENSP00000349723	0	0	0	0	0.059	0.070	0	0.446	0.472
ASCL1	SP8	9606.ENSP00000266744	9606.ENSP00000408792	0	0	0	0	0.065	0.091	0	0.449	0.492
ASCL1	FEZF2	9606.ENSP00000266744	9606.ENSP00000283268	0	0	0	0	0.090	0.091	0	0.453	0.508
ASCL1	LHX8	9606.ENSP00000266744	9606.ENSP00000294638	0	0	0	0	0	0.048	0	0.525	0.528
ASCL1	CALB2	9606.ENSP00000266744	9606.ENSP00000307508	0	0	0	0	0.073	0	0	0.527	0.543
ASCL1	GAD1	9606.ENSP00000266744	9606.ENSP00000350928	0	0	0	0	0.095	0	0	0.554	0.579
ASCL1	SATB2	9606.ENSP00000266744	9606.ENSP00000401112	0	0	0	0	0.042	0	0	0.587	0.588
ASCL1	LHX6	9606.ENSP00000266744	9606.ENSP00000377854	0	0	0	0	0	0.048	0	0.593	0.596
ASCL1	NEUROD6	9606.ENSP00000266744	9606.ENSP00000297142	0	0	0	0	0.201	0.094	0	0.496	0.603
ASCL1	TBR1	9606.ENSP00000266744	9606.ENSP00000374205	0	0	0	0	0.082	0.066	0	0.579	0.607
ASCL1	RBFOX3	9606.ENSP00000266744	9606.ENSP00000463653	0	0	0	0	0.072	0.054	0	0.594	0.612
ASCL1	DCX	9606.ENSP00000266744	9606.ENSP00000490614	0	0	0	0	0.086	0	0	0.617	0.635
ASCL1	GSX2	9606.ENSP00000266744	9606.ENSP00000319118	0	0	0	0	0.084	0.053	0	0.683	0.701
ASCL1	PAX6	9606.ENSP00000266744	9606.ENSP00000492024	0	0	0	0	0.078	0	0	0.761	0.770
ASCL1	FOXG1	9606.ENSP00000266744	9606.ENSP00000339004	0	0	0	0	0.164	0.053	0	0.734	0.771
ASCL1	OLIG2	9606.ENSP00000266744	9606.ENSP00000331040	0	0	0	0	0.113	0.071	0	0.749	0.775
ASCL1	OLIG1	9606.ENSP00000266744	9606.ENSP00000371785	0	0	0	0	0.102	0.071	0	0.764	0.785
ASCL1	DLX1	9606.ENSP00000266744	9606.ENSP00000354478	0	0	0	0	0.116	0	0	0.864	0.874
ASCL1	POU3F2	9606.ENSP00000266744	9606.ENSP00000329170	0	0	0	0	0.140	0.049	0	0.968	0.971
ASCL1	NEUROG2	9606.ENSP00000266744	9606.ENSP00000317333	0	0	0	0	0.139	0.113	0	0.971	0.976
BCL11B	PVALB	9606.ENSP00000349723	9606.ENSP00000216200	0	0	0	0	0.049	0.095	0	0.489	0.522
BCL11B	SLC17A7	9606.ENSP00000349723	9606.ENSP00000221485	0	0	0	0	0.042	0	0	0.578	0.578
BCL11B	DLX2	9606.ENSP00000349723	9606.ENSP00000234198	0	0	0	0	0.042	0.054	0	0.523	0.530
BCL11B	GFAP	9606.ENSP00000349723	9606.ENSP00000253408	0	0	0	0	0	0.052	0	0.574	0.579
BCL11B	EMX1	9606.ENSP00000349723	9606.ENSP00000258106	0	0	0	0	0.053	0.049	0	0.630	0.638
BCL11B	CALB1	9606.ENSP00000349723	9606.ENSP00000265431	0	0	0	0	0.042	0.095	0	0.488	0.517
BCL11B	ASCL1	9606.ENSP00000349723	9606.ENSP00000266744	0	0	0	0	0.059	0.070	0	0.446	0.472
BCL11B	FEZF2	9606.ENSP00000349723	9606.ENSP00000283268	0	0	0	0.575	0	0	0	0.419	0.418
BCL11B	NEUROD6	9606.ENSP00000349723	9606.ENSP00000297142	0	0	0	0	0	0.046	0	0.461	0.464
BCL11B	CALB2	9606.ENSP00000349723	9606.ENSP00000307508	0	0	0	0	0	0.095	0	0.484	0.513
BCL11B	NEUROG2	9606.ENSP00000349723	9606.ENSP00000317333	0	0	0	0	0	0.046	0	0.480	0.483
BCL11B	GSX2	9606.ENSP00000349723	9606.ENSP00000319118	0	0	0	0	0	0.057	0	0.556	0.563
BCL11B	POU3F2	9606.ENSP00000349723	9606.ENSP00000329170	0	0	0	0	0.060	0.053	0	0.661	0.672
BCL11B	OLIG2	9606.ENSP00000349723	9606.ENSP00000331040	0	0	0	0	0	0.046	0	0.449	0.452
BCL11B	FOXG1	9606.ENSP00000349723	9606.ENSP00000339004	0	0	0	0	0.042	0.096	0	0.649	0.670
BCL11B	GAD2	9606.ENSP00000349723	9606.ENSP00000365437	0	0	0	0	0.042	0.046	0	0.408	0.411
BCL11B	DCX	9606.ENSP00000349723	9606.ENSP00000490614	0	0	0	0	0.050	0	0	0.438	0.443
BCL11B	LHX6	9606.ENSP00000349723	9606.ENSP00000377854	0	0	0	0	0.049	0.071	0	0.425	0.448
BCL11B	DLX1	9606.ENSP00000349723	9606.ENSP00000354478	0	0	0	0	0.044	0.054	0	0.507	0.515
BCL11B	GAD1	9606.ENSP00000349723	9606.ENSP00000350928	0	0	0	0	0.049	0.046	0	0.520	0.526
BCL11B	RBFOX3	9606.ENSP00000349723	9606.ENSP00000463653	0	0	0	0	0	0.054	0	0.630	0.635
BCL11B	PAX6	9606.ENSP00000349723	9606.ENSP00000492024	0	0	0	0	0	0.069	0	0.703	0.711
BCL11B	SATB2	9606.ENSP00000349723	9606.ENSP00000401112	0	0	0	0	0.065	0.053	0	0.842	0.848
BCL11B	TBR1	9606.ENSP00000349723	9606.ENSP00000374205	0	0	0	0	0	0.054	0	0.882	0.884
CALB1	PVALB	9606.ENSP00000265431	9606.ENSP00000216200	0	0	0	0	0.082	0	0	0.962	0.964
CALB1	SLC32A1	9606.ENSP00000265431	9606.ENSP00000217420	0	0	0	0	0.151	0	0	0.649	0.690
CALB1	SLC17A7	9606.ENSP00000265431	9606.ENSP00000221485	0	0	0	0	0.101	0.051	0	0.703	0.724
CALB1	SLC1A6	9606.ENSP00000265431	9606.ENSP00000221742	0	0	0	0	0.095	0	0	0.378	0.413
CALB1	DLX2	9606.ENSP00000265431	9606.ENSP00000234198	0	0	0	0	0	0	0	0.496	0.496
CALB1	GFAP	9606.ENSP00000265431	9606.ENSP00000253408	0	0	0	0	0.104	0	0	0.748	0.765
CALB1	EMX1	9606.ENSP00000265431	9606.ENSP00000258106	0	0	0	0	0.067	0	0	0.437	0.453
CALB1	SLC17A6	9606.ENSP00000265431	9606.ENSP00000263160	0	0	0	0	0.101	0.051	0	0.709	0.730
CALB1	SP8	9606.ENSP00000265431	9606.ENSP00000408792	0	0	0	0	0.042	0.095	0	0.369	0.405
CALB1	NEUROD6	9606.ENSP00000265431	9606.ENSP00000297142	0	0	0	0	0.115	0	0	0.357	0.407
CALB1	NEUROG2	9606.ENSP00000265431	9606.ENSP00000317333	0	0	0	0	0.063	0	0	0.400	0.414
CALB1	FOXG1	9606.ENSP00000265431	9606.ENSP00000339004	0	0	0	0	0.077	0.089	0	0.426	0.476
CALB1	GSX2	9606.ENSP00000265431	9606.ENSP00000319118	0	0	0	0	0.060	0	0	0.477	0.487
CALB1	ASCL1	9606.ENSP00000265431	9606.ENSP00000266744	0	0	0	0	0.056	0	0	0.491	0.499
CALB1	BCL11B	9606.ENSP00000265431	9606.ENSP00000349723	0	0	0	0	0.042	0.095	0	0.488	0.517
CALB1	OLIG2	9606.ENSP00000265431	9606.ENSP00000331040	0	0	0	0	0.055	0	0	0.526	0.532
CALB1	LHX6	9606.ENSP00000265431	9606.ENSP00000377854	0	0	0	0	0	0.100	0	0.513	0.543
CALB1	TBR1	9606.ENSP00000265431	9606.ENSP00000374205	0	0	0	0	0.062	0.042	0	0.677	0.684
CALB1	DCX	9606.ENSP00000265431	9606.ENSP00000490614	0	0	0	0	0	0	0	0.694	0.694
CALB1	PAX6	9606.ENSP00000265431	9606.ENSP00000492024	0	0	0	0	0.098	0	0	0.677	0.697
CALB1	GAD2	9606.ENSP00000265431	9606.ENSP00000365437	0	0	0	0	0.137	0.091	0	0.679	0.726
CALB1	CHAT	9606.ENSP00000265431	9606.ENSP00000337103	0	0	0	0	0	0	0	0.728	0.728
CALB1	RBFOX3	9606.ENSP00000265431	9606.ENSP00000463653	0	0	0	0	0.126	0.046	0	0.785	0.805
CALB1	GAD1	9606.ENSP00000265431	9606.ENSP00000350928	0	0	0	0	0.121	0.091	0	0.853	0.873
CALB1	SST	9606.ENSP00000265431	9606.ENSP00000287641	0	0	0	0	0.090	0	0	0.875	0.882
CALB2	PVALB	9606.ENSP00000307508	9606.ENSP00000216200	0	0	0	0	0.084	0	0	0.965	0.967
CALB2	SLC32A1	9606.ENSP00000307508	9606.ENSP00000217420	0	0	0	0	0.173	0	0	0.649	0.697
CALB2	SLC17A7	9606.ENSP00000307508	9606.ENSP00000221485	0	0	0	0	0.125	0.051	0	0.655	0.689
CALB2	DLX2	9606.ENSP00000307508	9606.ENSP00000234198	0	0	0	0	0	0	0	0.685	0.685
CALB2	GFAP	9606.ENSP00000307508	9606.ENSP00000253408	0	0	0	0	0.141	0	0	0.671	0.705
CALB2	EMX1	9606.ENSP00000307508	9606.ENSP00000258106	0	0	0	0	0.067	0	0	0.451	0.466
CALB2	SLC17A6	9606.ENSP00000307508	9606.ENSP00000263160	0	0	0	0	0.172	0.051	0	0.685	0.731
CALB2	ASCL1	9606.ENSP00000307508	9606.ENSP00000266744	0	0	0	0	0.073	0	0	0.527	0.543
CALB2	SST	9606.ENSP00000307508	9606.ENSP00000287641	0	0	0	0	0.134	0	0	0.931	0.938
CALB2	SATB2	9606.ENSP00000307508	9606.ENSP00000401112	0	0	0	0	0	0	0	0.441	0.441
CALB2	NEUROG2	9606.ENSP00000307508	9606.ENSP00000317333	0	0	0	0	0.063	0	0	0.436	0.449
CALB2	FOXG1	9606.ENSP00000307508	9606.ENSP00000339004	0	0	0	0	0.087	0.089	0	0.449	0.502
CALB2	BCL11B	9606.ENSP00000307508	9606.ENSP00000349723	0	0	0	0	0	0.095	0	0.484	0.513
CALB2	GSX2	9606.ENSP00000307508	9606.ENSP00000319118	0	0	0	0	0.060	0	0	0.524	0.534
CALB2	OLIG2	9606.ENSP00000307508	9606.ENSP00000331040	0	0	0	0	0.092	0	0	0.522	0.548
CALB2	DCX	9606.ENSP00000307508	9606.ENSP00000490614	0	0	0	0	0.047	0	0	0.727	0.728
CALB2	PAX6	9606.ENSP00000307508	9606.ENSP00000492024	0	0	0	0	0.086	0	0	0.724	0.737
CALB2	GAD2	9606.ENSP00000307508	9606.ENSP00000365437	0	0	0	0	0.137	0.091	0	0.713	0.755
CALB2	RBFOX3	9606.ENSP00000307508	9606.ENSP00000463653	0	0	0	0	0.119	0.046	0	0.735	0.758
CALB2	CHAT	9606.ENSP00000307508	9606.ENSP00000337103	0	0	0	0	0	0	0	0.761	0.761
CALB2	LHX6	9606.ENSP00000307508	9606.ENSP00000377854	0	0	0	0	0.067	0.100	0	0.746	0.768
CALB2	TBR1	9606.ENSP00000307508	9606.ENSP00000374205	0	0	0	0	0.072	0.042	0	0.764	0.772
CALB2	DLX1	9606.ENSP00000307508	9606.ENSP00000354478	0	0	0	0	0	0	0	0.794	0.794
CALB2	GAD1	9606.ENSP00000307508	9606.ENSP00000350928	0	0	0	0	0.139	0.091	0	0.802	0.832
CALB2	SP8	9606.ENSP00000307508	9606.ENSP00000408792	0	0	0	0	0	0.095	0	0.863	0.870
CAMKV	GFAP	9606.ENSP00000419195	9606.ENSP00000253408	0	0	0	0	0.152	0.068	0	0.339	0.432
CASTOR3	SLC32A1	9606.ENSP00000389760	9606.ENSP00000217420	0	0	0	0	0.081	0	0	0.590	0.607
CASTOR3	SLC6A13	9606.ENSP00000389760	9606.ENSP00000339260	0	0	0	0	0	0	0	0.883	0.883
CASTOR3	GAD1	9606.ENSP00000389760	9606.ENSP00000350928	0	0	0	0	0.062	0	0	0.542	0.552
CASTOR3	GAD2	9606.ENSP00000389760	9606.ENSP00000365437	0	0	0	0	0.072	0	0	0.588	0.601
CHAT	NGFR	9606.ENSP00000337103	9606.ENSP00000172229	0	0	0	0	0.087	0	0	0.620	0.638
CHAT	PVALB	9606.ENSP00000337103	9606.ENSP00000216200	0	0	0	0	0	0	0	0.772	0.772
CHAT	SLC32A1	9606.ENSP00000337103	9606.ENSP00000217420	0	0	0	0	0	0	0	0.630	0.630
CHAT	SLC17A7	9606.ENSP00000337103	9606.ENSP00000221485	0	0	0	0	0.049	0	0	0.644	0.647
CHAT	GFAP	9606.ENSP00000337103	9606.ENSP00000253408	0	0	0	0	0.042	0	0	0.743	0.743
CHAT	SLC17A6	9606.ENSP00000337103	9606.ENSP00000263160	0	0	0	0	0	0	0	0.679	0.679
CHAT	CALB1	9606.ENSP00000337103	9606.ENSP00000265431	0	0	0	0	0	0	0	0.728	0.728
CHAT	SST	9606.ENSP00000337103	9606.ENSP00000287641	0	0	0	0	0	0	0	0.668	0.668
CHAT	LHX8	9606.ENSP00000337103	9606.ENSP00000294638	0	0	0	0	0	0	0	0.400	0.400
CHAT	CALB2	9606.ENSP00000337103	9606.ENSP00000307508	0	0	0	0	0	0	0	0.761	0.761
CHAT	OLIG2	9606.ENSP00000337103	9606.ENSP00000331040	0	0	0	0	0	0	0	0.475	0.475
CHAT	DCX	9606.ENSP00000337103	9606.ENSP00000490614	0	0	0	0	0	0	0	0.413	0.412
CHAT	PAX6	9606.ENSP00000337103	9606.ENSP00000492024	0	0	0	0	0	0	0	0.419	0.418
CHAT	GAD2	9606.ENSP00000337103	9606.ENSP00000365437	0	0	0	0	0.069	0	0	0.622	0.633
CHAT	RBFOX3	9606.ENSP00000337103	9606.ENSP00000463653	0	0	0	0	0	0	0	0.661	0.661
CHAT	GAD1	9606.ENSP00000337103	9606.ENSP00000350928	0	0	0	0	0.067	0	0	0.695	0.703
CPLX1	SLC32A1	9606.ENSP00000305613	9606.ENSP00000217420	0	0	0	0	0.294	0	0.500	0.319	0.739
CPLX1	SLC17A7	9606.ENSP00000305613	9606.ENSP00000221485	0	0	0	0	0.180	0	0.500	0.359	0.714
CPLX1	GFAP	9606.ENSP00000305613	9606.ENSP00000253408	0	0	0	0	0.189	0	0	0.445	0.530
CPLX1	SLC17A6	9606.ENSP00000305613	9606.ENSP00000263160	0	0	0	0	0.120	0	0	0.358	0.411
CPLX1	GAD1	9606.ENSP00000305613	9606.ENSP00000350928	0	0	0	0	0.124	0	0.500	0.213	0.625
CPLX1	GAD2	9606.ENSP00000305613	9606.ENSP00000365437	0	0	0	0	0.149	0	0.500	0.223	0.640
DCX	PVALB	9606.ENSP00000490614	9606.ENSP00000216200	0	0	0	0	0	0	0	0.715	0.715
DCX	SLC17A7	9606.ENSP00000490614	9606.ENSP00000221485	0	0	0	0	0.042	0	0	0.487	0.488
DCX	DLX2	9606.ENSP00000490614	9606.ENSP00000234198	0	0	0	0	0.042	0	0	0.546	0.547
DCX	GFAP	9606.ENSP00000490614	9606.ENSP00000253408	0	0	0	0	0.062	0.072	0	0.856	0.864
DCX	EMX1	9606.ENSP00000490614	9606.ENSP00000258106	0	0	0	0	0	0	0	0.400	0.400
DCX	SLC17A6	9606.ENSP00000490614	9606.ENSP00000263160	0	0	0	0	0.181	0	0	0.354	0.448
DCX	CALB1	9606.ENSP00000490614	9606.ENSP00000265431	0	0	0	0	0	0	0	0.694	0.694
DCX	ASCL1	9606.ENSP00000490614	9606.ENSP00000266744	0	0	0	0	0.086	0	0	0.617	0.635
DCX	CALB2	9606.ENSP00000490614	9606.ENSP00000307508	0	0	0	0	0.047	0	0	0.727	0.728
DCX	NEUROG2	9606.ENSP00000490614	9606.ENSP00000317333	0	0	0	0	0.061	0	0	0.563	0.572
DCX	POU3F2	9606.ENSP00000490614	9606.ENSP00000329170	0	0	0	0	0.096	0	0	0.375	0.411
DCX	OLIG2	9606.ENSP00000490614	9606.ENSP00000331040	0	0	0	0	0.044	0	0	0.705	0.706
DCX	CHAT	9606.ENSP00000490614	9606.ENSP00000337103	0	0	0	0	0	0	0	0.413	0.412
DCX	FOXG1	9606.ENSP00000490614	9606.ENSP00000339004	0	0	0	0	0.072	0	0	0.391	0.411
DCX	BCL11B	9606.ENSP00000490614	9606.ENSP00000349723	0	0	0	0	0.050	0	0	0.438	0.443
DCX	GAD1	9606.ENSP00000490614	9606.ENSP00000350928	0	0	0	0	0.056	0	0	0.527	0.534
DCX	GAD2	9606.ENSP00000490614	9606.ENSP00000365437	0	0	0	0	0.097	0	0	0.434	0.467
DCX	OLIG1	9606.ENSP00000490614	9606.ENSP00000371785	0	0	0	0	0.043	0	0	0.448	0.449
DCX	TBR1	9606.ENSP00000490614	9606.ENSP00000374205	0	0	0	0	0.078	0.047	0	0.615	0.632
DCX	RBFOX3	9606.ENSP00000490614	9606.ENSP00000463653	0	0	0	0	0.074	0	0	0.884	0.888
DCX	PAX6	9606.ENSP00000490614	9606.ENSP00000492024	0	0	0	0	0.059	0	0	0.654	0.661
DLX1	PVALB	9606.ENSP00000354478	9606.ENSP00000216200	0	0	0	0	0.068	0	0	0.669	0.678
DLX1	SLC32A1	9606.ENSP00000354478	9606.ENSP00000217420	0	0	0	0	0.106	0	0	0.409	0.449
DLX1	DLX2	9606.ENSP00000354478	9606.ENSP00000234198	0	0	0	0.807	0.835	0.072	0	0.257	0.877
DLX1	EMX1	9606.ENSP00000354478	9606.ENSP00000258106	0	0	0	0.634	0.214	0	0	0.366	0.480
DLX1	ASCL1	9606.ENSP00000354478	9606.ENSP00000266744	0	0	0	0	0.116	0	0	0.864	0.874
DLX1	FEZF2	9606.ENSP00000354478	9606.ENSP00000283268	0	0	0	0	0.106	0.071	0	0.378	0.438
DLX1	SST	9606.ENSP00000354478	9606.ENSP00000287641	0	0	0	0	0.047	0	0	0.600	0.602
DLX1	LHX8	9606.ENSP00000354478	9606.ENSP00000294638	0	0	0	0	0.107	0.045	0	0.566	0.598
DLX1	NEUROD6	9606.ENSP00000354478	9606.ENSP00000297142	0	0	0	0	0.103	0	0	0.467	0.501
DLX1	CALB2	9606.ENSP00000354478	9606.ENSP00000307508	0	0	0	0	0	0	0	0.794	0.794
DLX1	NEUROG2	9606.ENSP00000354478	9606.ENSP00000317333	0	0	0	0	0.070	0	0	0.588	0.601
DLX1	POU3F2	9606.ENSP00000354478	9606.ENSP00000329170	0	0	0	0	0.113	0.059	0	0.602	0.639
DLX1	OLIG2	9606.ENSP00000354478	9606.ENSP00000331040	0	0	0	0	0.060	0	0	0.522	0.531
DLX1	FOXG1	9606.ENSP00000354478	9606.ENSP00000339004	0	0	0	0	0.195	0.065	0	0.569	0.648
DLX1	BCL11B	9606.ENSP00000354478	9606.ENSP00000349723	0	0	0	0	0.044	0.054	0	0.507	0.515
DLX1	GAD1	9606.ENSP00000354478	9606.ENSP00000350928	0	0	0	0	0.124	0	0	0.604	0.639
DLX1	SATB2	9606.ENSP00000354478	9606.ENSP00000401112	0	0	0	0	0.063	0	0	0.424	0.437
DLX1	OLIG1	9606.ENSP00000354478	9606.ENSP00000371785	0	0	0	0	0.057	0	0	0.438	0.448
DLX1	SP8	9606.ENSP00000354478	9606.ENSP00000408792	0	0	0	0	0.106	0.071	0	0.434	0.488
DLX1	GAD2	9606.ENSP00000354478	9606.ENSP00000365437	0	0	0	0	0.067	0	0	0.512	0.526
DLX1	TBR1	9606.ENSP00000354478	9606.ENSP00000374205	0	0	0	0	0.089	0.091	0	0.576	0.618
DLX1	LHX6	9606.ENSP00000354478	9606.ENSP00000377854	0	0	0	0	0.126	0.045	0	0.729	0.755
DLX2	PVALB	9606.ENSP00000234198	9606.ENSP00000216200	0	0	0	0	0.044	0	0	0.591	0.592
DLX2	SLC32A1	9606.ENSP00000234198	9606.ENSP00000217420	0	0	0	0	0.055	0	0	0.431	0.439
DLX2	SLC17A7	9606.ENSP00000234198	9606.ENSP00000221485	0	0	0	0	0	0	0	0.403	0.403
DLX2	RBFOX3	9606.ENSP00000234198	9606.ENSP00000463653	0	0	0	0	0	0	0	0.419	0.418
DLX2	SATB2	9606.ENSP00000234198	9606.ENSP00000401112	0	0	0	0	0.048	0	0	0.428	0.432
DLX2	FEZF2	9606.ENSP00000234198	9606.ENSP00000283268	0	0	0	0	0.050	0.054	0	0.433	0.445
DLX2	NEUROD6	9606.ENSP00000234198	9606.ENSP00000297142	0	0	0	0	0.114	0	0	0.420	0.464
DLX2	CALB1	9606.ENSP00000234198	9606.ENSP00000265431	0	0	0	0	0	0	0	0.496	0.496
DLX2	OLIG1	9606.ENSP00000234198	9606.ENSP00000371785	0	0	0	0	0.062	0	0	0.489	0.501
DLX2	SST	9606.ENSP00000234198	9606.ENSP00000287641	0	0	0	0	0	0	0	0.503	0.503
DLX2	GFAP	9606.ENSP00000234198	9606.ENSP00000253408	0	0	0	0	0	0	0	0.505	0.505
DLX2	BCL11B	9606.ENSP00000234198	9606.ENSP00000349723	0	0	0	0	0.042	0.054	0	0.523	0.530
DLX2	GAD2	9606.ENSP00000234198	9606.ENSP00000365437	0	0	0	0	0.079	0	0	0.525	0.544
DLX2	DCX	9606.ENSP00000234198	9606.ENSP00000490614	0	0	0	0	0.042	0	0	0.546	0.547
DLX2	SP8	9606.ENSP00000234198	9606.ENSP00000408792	0	0	0	0	0.087	0.071	0	0.592	0.624
DLX2	OLIG2	9606.ENSP00000234198	9606.ENSP00000331040	0	0	0	0	0.055	0	0	0.649	0.654
DLX2	POU3F2	9606.ENSP00000234198	9606.ENSP00000329170	0	0	0	0	0.094	0.059	0	0.633	0.660
DLX2	CALB2	9606.ENSP00000234198	9606.ENSP00000307508	0	0	0	0	0	0	0	0.685	0.685
DLX2	GAD1	9606.ENSP00000234198	9606.ENSP00000350928	0	0	0	0	0.127	0	0	0.658	0.689
DLX2	FOXG1	9606.ENSP00000234198	9606.ENSP00000339004	0	0	0	0	0.169	0.047	0	0.641	0.691
DLX2	LHX8	9606.ENSP00000234198	9606.ENSP00000294638	0	0	0	0	0.123	0.045	0	0.678	0.707
DLX2	NEUROG2	9606.ENSP00000234198	9606.ENSP00000317333	0	0	0	0	0.080	0	0	0.708	0.720
DLX2	TBR1	9606.ENSP00000234198	9606.ENSP00000374205	0	0	0	0	0.109	0.091	0	0.692	0.729
DLX2	LHX6	9606.ENSP00000234198	9606.ENSP00000377854	0	0	0	0	0.119	0.045	0	0.773	0.793
DLX2	PAX6	9606.ENSP00000234198	9606.ENSP00000492024	0	0	0	0.582	0.049	0.071	0	0.800	0.808
DLX2	DLX1	9606.ENSP00000234198	9606.ENSP00000354478	0	0	0	0.807	0.835	0.072	0	0.257	0.877
DLX2	ASCL1	9606.ENSP00000234198	9606.ENSP00000266744	0	0	0	0	0	0	0	0.926	0.926
EMX1	PVALB	9606.ENSP00000258106	9606.ENSP00000216200	0	0	0	0	0.099	0	0	0.608	0.631
EMX1	SLC32A1	9606.ENSP00000258106	9606.ENSP00000217420	0	0	0	0	0.120	0	0	0.480	0.522
EMX1	SLC17A7	9606.ENSP00000258106	9606.ENSP00000221485	0	0	0	0	0.121	0	0	0.507	0.548
EMX1	GFAP	9606.ENSP00000258106	9606.ENSP00000253408	0	0	0	0	0.086	0	0	0.501	0.524
EMX1	DCX	9606.ENSP00000258106	9606.ENSP00000490614	0	0	0	0	0	0	0	0.400	0.400
EMX1	GSX2	9606.ENSP00000258106	9606.ENSP00000319118	0	0	0	0.629	0.048	0.091	0	0.384	0.420
EMX1	SST	9606.ENSP00000258106	9606.ENSP00000287641	0	0	0	0	0.067	0	0	0.418	0.434
EMX1	POU3F2	9606.ENSP00000258106	9606.ENSP00000329170	0	0	0	0	0.074	0	0	0.424	0.444
EMX1	SLC17A6	9606.ENSP00000258106	9606.ENSP00000263160	0	0	0	0	0.086	0	0	0.420	0.447
EMX1	CALB1	9606.ENSP00000258106	9606.ENSP00000265431	0	0	0	0	0.067	0	0	0.437	0.453
EMX1	CALB2	9606.ENSP00000258106	9606.ENSP00000307508	0	0	0	0	0.067	0	0	0.451	0.466
EMX1	OLIG1	9606.ENSP00000258106	9606.ENSP00000371785	0	0	0	0	0.097	0	0	0.445	0.478
EMX1	GAD2	9606.ENSP00000258106	9606.ENSP00000365437	0	0	0	0	0.086	0	0	0.453	0.478
EMX1	DLX1	9606.ENSP00000258106	9606.ENSP00000354478	0	0	0	0.634	0.214	0	0	0.366	0.480
EMX1	PAX6	9606.ENSP00000258106	9606.ENSP00000492024	0	0	0	0.601	0.066	0.086	0	0.454	0.494
EMX1	RBFOX3	9606.ENSP00000258106	9606.ENSP00000463653	0	0	0	0	0.086	0	0	0.474	0.498
EMX1	SP8	9606.ENSP00000258106	9606.ENSP00000408792	0	0	0	0	0.049	0.063	0	0.485	0.501
EMX1	LHX6	9606.ENSP00000258106	9606.ENSP00000377854	0	0	0	0	0.060	0.046	0	0.491	0.504
EMX1	ASCL1	9606.ENSP00000258106	9606.ENSP00000266744	0	0	0	0	0.085	0	0	0.508	0.530
EMX1	GAD1	9606.ENSP00000258106	9606.ENSP00000350928	0	0	0	0	0.090	0	0	0.509	0.534
EMX1	OLIG2	9606.ENSP00000258106	9606.ENSP00000331040	0	0	0	0	0.097	0	0	0.581	0.605
EMX1	NEUROG2	9606.ENSP00000258106	9606.ENSP00000317333	0	0	0	0	0.087	0	0	0.612	0.631
EMX1	FEZF2	9606.ENSP00000258106	9606.ENSP00000283268	0	0	0	0	0.103	0.063	0	0.600	0.635
EMX1	SATB2	9606.ENSP00000258106	9606.ENSP00000401112	0	0	0	0	0.073	0	0	0.624	0.637
EMX1	BCL11B	9606.ENSP00000258106	9606.ENSP00000349723	0	0	0	0	0.053	0.049	0	0.630	0.638
EMX1	NEUROD6	9606.ENSP00000258106	9606.ENSP00000297142	0	0	0	0	0.159	0	0	0.713	0.749
EMX1	FOXG1	9606.ENSP00000258106	9606.ENSP00000339004	0	0	0	0	0.115	0.046	0	0.785	0.802
EMX1	TBR1	9606.ENSP00000258106	9606.ENSP00000374205	0	0	0	0	0.097	0.049	0	0.803	0.816
FEZF2	SLC17A7	9606.ENSP00000283268	9606.ENSP00000221485	0	0	0	0	0.110	0	0	0.438	0.478
FEZF2	DLX2	9606.ENSP00000283268	9606.ENSP00000234198	0	0	0	0	0.050	0.054	0	0.433	0.445
FEZF2	LAMP5	9606.ENSP00000283268	9606.ENSP00000246070	0	0	0	0	0.100	0	0	0.393	0.431
FEZF2	EMX1	9606.ENSP00000283268	9606.ENSP00000258106	0	0	0	0	0.103	0.063	0	0.600	0.635
FEZF2	ASCL1	9606.ENSP00000283268	9606.ENSP00000266744	0	0	0	0	0.090	0.091	0	0.453	0.508
FEZF2	OLIG2	9606.ENSP00000283268	9606.ENSP00000331040	0	0	0	0	0.090	0.046	0	0.372	0.408
FEZF2	BCL11B	9606.ENSP00000283268	9606.ENSP00000349723	0	0	0	0.575	0	0	0	0.419	0.418
FEZF2	LHX6	9606.ENSP00000283268	9606.ENSP00000377854	0	0	0	0	0.049	0.071	0	0.394	0.418
FEZF2	DLX1	9606.ENSP00000283268	9606.ENSP00000354478	0	0	0	0	0.106	0.071	0	0.378	0.438
FEZF2	POU3F2	9606.ENSP00000283268	9606.ENSP00000329170	0	0	0	0	0.091	0.053	0	0.522	0.553
FEZF2	NEUROG2	9606.ENSP00000283268	9606.ENSP00000317333	0	0	0	0	0.110	0.046	0	0.559	0.593
FEZF2	PAX6	9606.ENSP00000283268	9606.ENSP00000492024	0	0	0	0	0.067	0.070	0	0.695	0.712
FEZF2	SATB2	9606.ENSP00000283268	9606.ENSP00000401112	0	0	0	0	0.043	0.053	0	0.747	0.750
FEZF2	NEUROD6	9606.ENSP00000283268	9606.ENSP00000297142	0	0	0	0	0.165	0.046	0	0.713	0.751
FEZF2	FOXG1	9606.ENSP00000283268	9606.ENSP00000339004	0	0	0	0	0.181	0.096	0	0.699	0.757
FEZF2	TBR1	9606.ENSP00000283268	9606.ENSP00000374205	0	0	0	0	0.164	0.054	0	0.932	0.941
FGF7	NGFR	9606.ENSP00000267843	9606.ENSP00000172229	0	0	0	0	0.042	0	0.650	0.375	0.772
FGF7	GFAP	9606.ENSP00000267843	9606.ENSP00000253408	0	0	0	0	0.060	0	0	0.456	0.466
FGF7	PAX6	9606.ENSP00000267843	9606.ENSP00000492024	0	0	0	0	0.077	0	0	0.518	0.536
FOXG1	PVALB	9606.ENSP00000339004	9606.ENSP00000216200	0	0	0	0	0.083	0.089	0	0.382	0.439
FOXG1	SLC32A1	9606.ENSP00000339004	9606.ENSP00000217420	0	0	0	0	0.151	0.068	0	0.379	0.466
FOXG1	SLC17A7	9606.ENSP00000339004	9606.ENSP00000221485	0	0	0	0	0.106	0.045	0	0.521	0.555
FOXG1	DLX2	9606.ENSP00000339004	9606.ENSP00000234198	0	0	0	0	0.169	0.047	0	0.641	0.691
FOXG1	GFAP	9606.ENSP00000339004	9606.ENSP00000253408	0	0	0	0	0.118	0.046	0	0.543	0.582
FOXG1	EMX1	9606.ENSP00000339004	9606.ENSP00000258106	0	0	0	0	0.115	0.046	0	0.785	0.802
FOXG1	SLC17A6	9606.ENSP00000339004	9606.ENSP00000263160	0	0	0	0	0.104	0.045	0	0.371	0.414
FOXG1	CALB1	9606.ENSP00000339004	9606.ENSP00000265431	0	0	0	0	0.077	0.089	0	0.426	0.476
FOXG1	ASCL1	9606.ENSP00000339004	9606.ENSP00000266744	0	0	0	0	0.164	0.053	0	0.734	0.771
FOXG1	FEZF2	9606.ENSP00000339004	9606.ENSP00000283268	0	0	0	0	0.181	0.096	0	0.699	0.757
FOXG1	LHX8	9606.ENSP00000339004	9606.ENSP00000294638	0	0	0	0	0.059	0.070	0	0.482	0.507
FOXG1	NEUROD6	9606.ENSP00000339004	9606.ENSP00000297142	0	0	0	0	0.200	0	0	0.672	0.726
FOXG1	CALB2	9606.ENSP00000339004	9606.ENSP00000307508	0	0	0	0	0.087	0.089	0	0.449	0.502
FOXG1	NEUROG2	9606.ENSP00000339004	9606.ENSP00000317333	0	0	0	0	0.115	0	0	0.643	0.671
FOXG1	GSX2	9606.ENSP00000339004	9606.ENSP00000319118	0	0	0	0	0.060	0.075	0	0.662	0.680
FOXG1	POU3F2	9606.ENSP00000339004	9606.ENSP00000329170	0	0	0	0	0.137	0	0	0.625	0.663
FOXG1	OLIG2	9606.ENSP00000339004	9606.ENSP00000331040	0	0	0	0	0.109	0	0	0.580	0.610
FOXG1	DCX	9606.ENSP00000339004	9606.ENSP00000490614	0	0	0	0	0.072	0	0	0.391	0.411
FOXG1	GAD2	9606.ENSP00000339004	9606.ENSP00000365437	0	0	0	0	0.107	0	0	0.371	0.414
FOXG1	OLIG1	9606.ENSP00000339004	9606.ENSP00000371785	0	0	0	0	0.086	0	0	0.393	0.422
FOXG1	RBFOX3	9606.ENSP00000339004	9606.ENSP00000463653	0	0	0	0	0.085	0.053	0	0.446	0.478
FOXG1	GAD1	9606.ENSP00000339004	9606.ENSP00000350928	0	0	0	0	0.098	0	0	0.495	0.525
FOXG1	DLX1	9606.ENSP00000339004	9606.ENSP00000354478	0	0	0	0	0.195	0.065	0	0.569	0.648
FOXG1	BCL11B	9606.ENSP00000339004	9606.ENSP00000349723	0	0	0	0	0.042	0.096	0	0.649	0.670
FOXG1	LHX6	9606.ENSP00000339004	9606.ENSP00000377854	0	0	0	0	0.064	0.070	0	0.715	0.731
FOXG1	SATB2	9606.ENSP00000339004	9606.ENSP00000401112	0	0	0	0	0.049	0.164	0	0.693	0.735
FOXG1	TBR1	9606.ENSP00000339004	9606.ENSP00000374205	0	0	0	0	0.169	0.045	0	0.809	0.836
FOXG1	PAX6	9606.ENSP00000339004	9606.ENSP00000492024	0	0	0	0	0.140	0.084	0	0.842	0.865
GAD1	PVALB	9606.ENSP00000350928	9606.ENSP00000216200	0	0	0	0	0.133	0.091	0	0.962	0.968
GAD1	SLC32A1	9606.ENSP00000350928	9606.ENSP00000217420	0	0	0	0	0.228	0	0.500	0.946	0.977
GAD1	SLC17A7	9606.ENSP00000350928	9606.ENSP00000221485	0	0	0	0	0.109	0.087	0	0.833	0.852
GAD1	DLX2	9606.ENSP00000350928	9606.ENSP00000234198	0	0	0	0	0.127	0	0	0.658	0.689
GAD1	LAMP5	9606.ENSP00000350928	9606.ENSP00000246070	0	0	0	0	0.129	0	0	0.344	0.404
GAD1	GFAP	9606.ENSP00000350928	9606.ENSP00000253408	0	0	0	0	0.162	0	0	0.683	0.723
GAD1	EMX1	9606.ENSP00000350928	9606.ENSP00000258106	0	0	0	0	0.090	0	0	0.509	0.534
GAD1	SLC17A6	9606.ENSP00000350928	9606.ENSP00000263160	0	0	0	0	0.086	0.075	0	0.874	0.884
GAD1	CALB1	9606.ENSP00000350928	9606.ENSP00000265431	0	0	0	0	0.121	0.091	0	0.853	0.873
GAD1	ASCL1	9606.ENSP00000350928	9606.ENSP00000266744	0	0	0	0	0.095	0	0	0.554	0.579
GAD1	SST	9606.ENSP00000350928	9606.ENSP00000287641	0	0	0	0	0.135	0	0	0.859	0.873
GAD1	LHX8	9606.ENSP00000350928	9606.ENSP00000294638	0	0	0	0	0.087	0	0	0.391	0.420
GAD1	NEUROD6	9606.ENSP00000350928	9606.ENSP00000297142	0	0	0	0	0.171	0	0	0.442	0.518
GAD1	CPLX1	9606.ENSP00000350928	9606.ENSP00000305613	0	0	0	0	0.124	0	0.500	0.213	0.625
GAD1	CALB2	9606.ENSP00000350928	9606.ENSP00000307508	0	0	0	0	0.139	0.091	0	0.802	0.832
GAD1	NEUROG2	9606.ENSP00000350928	9606.ENSP00000317333	0	0	0	0	0.077	0	0	0.532	0.550
GAD1	GSX2	9606.ENSP00000350928	9606.ENSP00000319118	0	0	0	0	0	0	0	0.481	0.481
GAD1	POU3F2	9606.ENSP00000350928	9606.ENSP00000329170	0	0	0	0	0.110	0	0	0.366	0.412
GAD1	OLIG2	9606.ENSP00000350928	9606.ENSP00000331040	0	0	0	0	0.132	0	0	0.565	0.606
GAD1	CHAT	9606.ENSP00000350928	9606.ENSP00000337103	0	0	0	0	0.067	0	0	0.695	0.703
GAD1	FOXG1	9606.ENSP00000350928	9606.ENSP00000339004	0	0	0	0	0.098	0	0	0.495	0.525
GAD1	SLC6A13	9606.ENSP00000350928	9606.ENSP00000339260	0.042	0	0	0	0.089	0	0	0.594	0.615
GAD1	BCL11B	9606.ENSP00000350928	9606.ENSP00000349723	0	0	0	0	0.049	0.046	0	0.520	0.526
GAD1	SP8	9606.ENSP00000350928	9606.ENSP00000408792	0	0	0	0	0.062	0.046	0	0.392	0.408
GAD1	OLIG1	9606.ENSP00000350928	9606.ENSP00000371785	0	0	0	0	0.122	0	0	0.446	0.493
GAD1	SATB2	9606.ENSP00000350928	9606.ENSP00000401112	0	0	0	0	0.056	0	0	0.510	0.517
GAD1	DCX	9606.ENSP00000350928	9606.ENSP00000490614	0	0	0	0	0.056	0	0	0.527	0.534
GAD1	CASTOR3	9606.ENSP00000350928	9606.ENSP00000389760	0	0	0	0	0.062	0	0	0.542	0.552
GAD1	PAX6	9606.ENSP00000350928	9606.ENSP00000492024	0	0	0	0	0.063	0	0	0.609	0.618
GAD1	DLX1	9606.ENSP00000350928	9606.ENSP00000354478	0	0	0	0	0.124	0	0	0.604	0.639
GAD1	LHX6	9606.ENSP00000350928	9606.ENSP00000377854	0	0	0	0	0.118	0	0	0.670	0.697
GAD1	TBR1	9606.ENSP00000350928	9606.ENSP00000374205	0	0	0	0	0.147	0.046	0	0.667	0.705
GAD1	RBFOX3	9606.ENSP00000350928	9606.ENSP00000463653	0	0	0	0	0.139	0.045	0	0.765	0.790
GAD1	GAD2	9606.ENSP00000350928	9606.ENSP00000365437	0	0	0.056	0.968	0.212	0.321	0.900	0.464	0.968
GAD2	PVALB	9606.ENSP00000365437	9606.ENSP00000216200	0	0	0	0	0.162	0.091	0	0.800	0.835
GAD2	SLC32A1	9606.ENSP00000365437	9606.ENSP00000217420	0	0	0	0	0.307	0	0.500	0.966	0.987
GAD2	SLC17A7	9606.ENSP00000365437	9606.ENSP00000221485	0	0	0	0	0.181	0.097	0	0.855	0.883
GAD2	DLX2	9606.ENSP00000365437	9606.ENSP00000234198	0	0	0	0	0.079	0	0	0.525	0.544
GAD2	LAMP5	9606.ENSP00000365437	9606.ENSP00000246070	0	0	0	0	0.162	0	0	0.328	0.414
GAD2	GFAP	9606.ENSP00000365437	9606.ENSP00000253408	0	0	0	0	0.189	0	0	0.593	0.656
GAD2	EMX1	9606.ENSP00000365437	9606.ENSP00000258106	0	0	0	0	0.086	0	0	0.453	0.478
GAD2	SLC17A6	9606.ENSP00000365437	9606.ENSP00000263160	0	0	0	0	0.191	0.092	0	0.805	0.844
GAD2	CALB1	9606.ENSP00000365437	9606.ENSP00000265431	0	0	0	0	0.137	0.091	0	0.679	0.726
GAD2	ASCL1	9606.ENSP00000365437	9606.ENSP00000266744	0	0	0	0	0.113	0	0	0.384	0.431
GAD2	SST	9606.ENSP00000365437	9606.ENSP00000287641	0	0	0	0	0.214	0	0	0.693	0.749
GAD2	NEUROD6	9606.ENSP00000365437	9606.ENSP00000297142	0	0	0	0	0.241	0	0	0.358	0.492
GAD2	CPLX1	9606.ENSP00000365437	9606.ENSP00000305613	0	0	0	0	0.149	0	0.500	0.223	0.640
GAD2	INSM2	9606.ENSP00000365437	9606.ENSP00000306523	0	0	0	0	0.128	0	0	0.637	0.670
GAD2	CALB2	9606.ENSP00000365437	9606.ENSP00000307508	0	0	0	0	0.137	0.091	0	0.713	0.755
GAD2	NEUROG2	9606.ENSP00000365437	9606.ENSP00000317333	0	0	0	0	0.075	0	0	0.414	0.435
GAD2	OLIG2	9606.ENSP00000365437	9606.ENSP00000331040	0	0	0	0	0.144	0	0	0.425	0.487
GAD2	CHAT	9606.ENSP00000365437	9606.ENSP00000337103	0	0	0	0	0.069	0	0	0.622	0.633
GAD2	FOXG1	9606.ENSP00000365437	9606.ENSP00000339004	0	0	0	0	0.107	0	0	0.371	0.414
GAD2	SLC6A13	9606.ENSP00000365437	9606.ENSP00000339260	0.042	0	0	0	0.093	0	0	0.600	0.622
GAD2	BCL11B	9606.ENSP00000365437	9606.ENSP00000349723	0	0	0	0	0.042	0.046	0	0.408	0.411
GAD2	GAD1	9606.ENSP00000365437	9606.ENSP00000350928	0	0	0.056	0.968	0.212	0.321	0.900	0.464	0.968
GAD2	DLX1	9606.ENSP00000365437	9606.ENSP00000354478	0	0	0	0	0.067	0	0	0.512	0.526
GAD2	SATB2	9606.ENSP00000365437	9606.ENSP00000401112	0	0	0	0	0.048	0	0	0.403	0.408
GAD2	OLIG1	9606.ENSP00000365437	9606.ENSP00000371785	0	0	0	0	0.144	0	0	0.355	0.425
GAD2	DCX	9606.ENSP00000365437	9606.ENSP00000490614	0	0	0	0	0.097	0	0	0.434	0.467
GAD2	PAX6	9606.ENSP00000365437	9606.ENSP00000492024	0	0	0	0	0.113	0	0	0.514	0.551
GAD2	LHX6	9606.ENSP00000365437	9606.ENSP00000377854	0	0	0	0	0.084	0	0	0.542	0.563
GAD2	TBR1	9606.ENSP00000365437	9606.ENSP00000374205	0	0	0	0	0.178	0.046	0	0.530	0.600
GAD2	CASTOR3	9606.ENSP00000365437	9606.ENSP00000389760	0	0	0	0	0.072	0	0	0.588	0.601
GAD2	RBFOX3	9606.ENSP00000365437	9606.ENSP00000463653	0	0	0	0	0.193	0.045	0	0.629	0.689
GFAP	NGFR	9606.ENSP00000253408	9606.ENSP00000172229	0	0	0	0	0.047	0	0	0.541	0.544
GFAP	PVALB	9606.ENSP00000253408	9606.ENSP00000216200	0	0	0	0	0.144	0	0	0.743	0.771
GFAP	SLC32A1	9606.ENSP00000253408	9606.ENSP00000217420	0	0	0	0	0.256	0	0	0.540	0.643
GFAP	SLC17A7	9606.ENSP00000253408	9606.ENSP00000221485	0	0	0	0	0.186	0	0	0.784	0.817
GFAP	DLX2	9606.ENSP00000253408	9606.ENSP00000234198	0	0	0	0	0	0	0	0.505	0.505
GFAP	CAMKV	9606.ENSP00000253408	9606.ENSP00000419195	0	0	0	0	0.152	0.068	0	0.339	0.432
GFAP	FGF7	9606.ENSP00000253408	9606.ENSP00000267843	0	0	0	0	0.060	0	0	0.456	0.466
GFAP	POU3F2	9606.ENSP00000253408	9606.ENSP00000329170	0	0	0	0	0.098	0	0	0.447	0.479
GFAP	GRIP2	9606.ENSP00000253408	9606.ENSP00000478352	0	0	0	0	0.061	0.045	0	0.474	0.487
GFAP	NEUROD6	9606.ENSP00000253408	9606.ENSP00000297142	0	0	0	0	0.213	0	0	0.411	0.516
GFAP	EMX1	9606.ENSP00000253408	9606.ENSP00000258106	0	0	0	0	0.086	0	0	0.501	0.524
GFAP	NEUROG2	9606.ENSP00000253408	9606.ENSP00000317333	0	0	0	0	0.042	0	0	0.524	0.525
GFAP	CPLX1	9606.ENSP00000253408	9606.ENSP00000305613	0	0	0	0	0.189	0	0	0.445	0.530
GFAP	SATB2	9606.ENSP00000253408	9606.ENSP00000401112	0	0	0	0	0.058	0.071	0	0.542	0.564
GFAP	BCL11B	9606.ENSP00000253408	9606.ENSP00000349723	0	0	0	0	0	0.052	0	0.574	0.579
GFAP	FOXG1	9606.ENSP00000253408	9606.ENSP00000339004	0	0	0	0	0.118	0.046	0	0.543	0.582
GFAP	SST	9606.ENSP00000253408	9606.ENSP00000287641	0	0	0	0	0.136	0	0	0.557	0.601
GFAP	SLC17A6	9606.ENSP00000253408	9606.ENSP00000263160	0	0	0	0	0.175	0	0	0.573	0.633
GFAP	GAD2	9606.ENSP00000253408	9606.ENSP00000365437	0	0	0	0	0.189	0	0	0.593	0.656
GFAP	ASCL1	9606.ENSP00000253408	9606.ENSP00000266744	0	0	0	0	0.121	0	0	0.654	0.683
GFAP	CALB2	9606.ENSP00000253408	9606.ENSP00000307508	0	0	0	0	0.141	0	0	0.671	0.705
GFAP	GAD1	9606.ENSP00000253408	9606.ENSP00000350928	0	0	0	0	0.162	0	0	0.683	0.723
GFAP	CHAT	9606.ENSP00000253408	9606.ENSP00000337103	0	0	0	0	0.042	0	0	0.743	0.743
GFAP	TBR1	9606.ENSP00000253408	9606.ENSP00000374205	0	0	0	0	0.137	0	0	0.729	0.756
GFAP	CALB1	9606.ENSP00000253408	9606.ENSP00000265431	0	0	0	0	0.104	0	0	0.748	0.765
GFAP	OLIG1	9606.ENSP00000253408	9606.ENSP00000371785	0	0	0	0	0.192	0	0	0.727	0.770
GFAP	PAX6	9606.ENSP00000253408	9606.ENSP00000492024	0	0	0	0	0.084	0	0	0.763	0.774
GFAP	DCX	9606.ENSP00000253408	9606.ENSP00000490614	0	0	0	0	0.062	0.072	0	0.856	0.864
GFAP	OLIG2	9606.ENSP00000253408	9606.ENSP00000331040	0	0	0	0	0.196	0	0	0.904	0.919
GFAP	RBFOX3	9606.ENSP00000253408	9606.ENSP00000463653	0	0	0	0	0.192	0.050	0	0.917	0.931
GRIP2	GFAP	9606.ENSP00000478352	9606.ENSP00000253408	0	0	0	0	0.061	0.045	0	0.474	0.487
GSX2	PVALB	9606.ENSP00000319118	9606.ENSP00000216200	0	0	0	0	0.060	0	0	0.415	0.426
GSX2	EMX1	9606.ENSP00000319118	9606.ENSP00000258106	0	0	0	0.629	0.048	0.091	0	0.384	0.420
GSX2	CALB1	9606.ENSP00000319118	9606.ENSP00000265431	0	0	0	0	0.060	0	0	0.477	0.487
GSX2	ASCL1	9606.ENSP00000319118	9606.ENSP00000266744	0	0	0	0	0.084	0.053	0	0.683	0.701
GSX2	LHX8	9606.ENSP00000319118	9606.ENSP00000294638	0	0	0	0	0	0.085	0	0.512	0.534
GSX2	CALB2	9606.ENSP00000319118	9606.ENSP00000307508	0	0	0	0	0.060	0	0	0.524	0.534
GSX2	NEUROG2	9606.ENSP00000319118	9606.ENSP00000317333	0	0	0	0	0.057	0.045	0	0.611	0.619
GSX2	GAD1	9606.ENSP00000319118	9606.ENSP00000350928	0	0	0	0	0	0	0	0.481	0.481
GSX2	BCL11B	9606.ENSP00000319118	9606.ENSP00000349723	0	0	0	0	0	0.057	0	0.556	0.563
GSX2	OLIG2	9606.ENSP00000319118	9606.ENSP00000331040	0	0	0	0	0.062	0.045	0	0.594	0.605
GSX2	TBR1	9606.ENSP00000319118	9606.ENSP00000374205	0	0	0	0	0.042	0.073	0	0.627	0.640
GSX2	LHX6	9606.ENSP00000319118	9606.ENSP00000377854	0	0	0	0	0	0.085	0	0.624	0.642
GSX2	FOXG1	9606.ENSP00000319118	9606.ENSP00000339004	0	0	0	0	0.060	0.075	0	0.662	0.680
GSX2	SP8	9606.ENSP00000319118	9606.ENSP00000408792	0	0	0.200	0	0.043	0.057	0	0.620	0.689
INSM2	NEUROD6	9606.ENSP00000306523	9606.ENSP00000297142	0	0	0	0	0.235	0.087	0	0.273	0.449
INSM2	GAD2	9606.ENSP00000306523	9606.ENSP00000365437	0	0	0	0	0.128	0	0	0.637	0.670
LAMP5	PVALB	9606.ENSP00000246070	9606.ENSP00000216200	0	0	0	0	0.120	0.045	0	0.382	0.436
LAMP5	SLC32A1	9606.ENSP00000246070	9606.ENSP00000217420	0	0	0	0	0.199	0	0	0.575	0.645
LAMP5	SLC17A7	9606.ENSP00000246070	9606.ENSP00000221485	0	0	0	0	0.157	0	0	0.431	0.500
LAMP5	GAD1	9606.ENSP00000246070	9606.ENSP00000350928	0	0	0	0	0.129	0	0	0.344	0.404
LAMP5	GAD2	9606.ENSP00000246070	9606.ENSP00000365437	0	0	0	0	0.162	0	0	0.328	0.414
LAMP5	FEZF2	9606.ENSP00000246070	9606.ENSP00000283268	0	0	0	0	0.100	0	0	0.393	0.431
LAMP5	LHX6	9606.ENSP00000246070	9606.ENSP00000377854	0	0	0	0	0	0	0	0.479	0.479
LAMP5	SST	9606.ENSP00000246070	9606.ENSP00000287641	0	0	0	0	0.142	0	0	0.512	0.564
LHX6	PVALB	9606.ENSP00000377854	9606.ENSP00000216200	0	0	0	0	0.062	0.100	0	0.743	0.764
LHX6	SLC32A1	9606.ENSP00000377854	9606.ENSP00000217420	0	0	0	0	0.067	0	0	0.484	0.498
LHX6	SLC17A7	9606.ENSP00000377854	9606.ENSP00000221485	0	0	0	0	0.067	0	0	0.422	0.437
LHX6	DLX2	9606.ENSP00000377854	9606.ENSP00000234198	0	0	0	0	0.119	0.045	0	0.773	0.793
LHX6	LAMP5	9606.ENSP00000377854	9606.ENSP00000246070	0	0	0	0	0	0	0	0.479	0.479
LHX6	EMX1	9606.ENSP00000377854	9606.ENSP00000258106	0	0	0	0	0.060	0.046	0	0.491	0.504
LHX6	CALB1	9606.ENSP00000377854	9606.ENSP00000265431	0	0	0	0	0	0.100	0	0.513	0.543
LHX6	ASCL1	9606.ENSP00000377854	9606.ENSP00000266744	0	0	0	0	0	0.048	0	0.593	0.596
LHX6	FEZF2	9606.ENSP00000377854	9606.ENSP00000283268	0	0	0	0	0.049	0.071	0	0.394	0.418
LHX6	SST	9606.ENSP00000377854	9606.ENSP00000287641	0	0	0	0	0	0	0	0.814	0.814
LHX6	LHX8	9606.ENSP00000377854	9606.ENSP00000294638	0	0	0.055	0.951	0	0.164	0	0.399	0.484
LHX6	CALB2	9606.ENSP00000377854	9606.ENSP00000307508	0	0	0	0	0.067	0.100	0	0.746	0.768
LHX6	NEUROG2	9606.ENSP00000377854	9606.ENSP00000317333	0	0	0	0	0.067	0.048	0	0.438	0.458
LHX6	GSX2	9606.ENSP00000377854	9606.ENSP00000319118	0	0	0	0	0	0.085	0	0.624	0.642
LHX6	OLIG2	9606.ENSP00000377854	9606.ENSP00000331040	0	0	0	0	0	0.048	0	0.484	0.488
LHX6	FOXG1	9606.ENSP00000377854	9606.ENSP00000339004	0	0	0	0	0.064	0.070	0	0.715	0.731
LHX6	BCL11B	9606.ENSP00000377854	9606.ENSP00000349723	0	0	0	0	0.049	0.071	0	0.425	0.448
LHX6	GAD1	9606.ENSP00000377854	9606.ENSP00000350928	0	0	0	0	0.118	0	0	0.670	0.697
LHX6	DLX1	9606.ENSP00000377854	9606.ENSP00000354478	0	0	0	0	0.126	0.045	0	0.729	0.755
LHX6	GAD2	9606.ENSP00000377854	9606.ENSP00000365437	0	0	0	0	0.084	0	0	0.542	0.563
LHX6	TBR1	9606.ENSP00000377854	9606.ENSP00000374205	0	0	0	0	0.113	0.071	0	0.718	0.747
LHX6	SP8	9606.ENSP00000377854	9606.ENSP00000408792	0	0	0	0	0.049	0.071	0	0.478	0.498
LHX6	SATB2	9606.ENSP00000377854	9606.ENSP00000401112	0	0	0	0	0	0.398	0	0.425	0.639
LHX6	PAX6	9606.ENSP00000377854	9606.ENSP00000492024	0	0	0	0	0.064	0.091	0	0.627	0.655
LHX8	PVALB	9606.ENSP00000294638	9606.ENSP00000216200	0	0	0	0	0	0.100	0	0.416	0.452
LHX8	DLX2	9606.ENSP00000294638	9606.ENSP00000234198	0	0	0	0	0.123	0.045	0	0.678	0.707
LHX8	ASCL1	9606.ENSP00000294638	9606.ENSP00000266744	0	0	0	0	0	0.048	0	0.525	0.528
LHX8	SST	9606.ENSP00000294638	9606.ENSP00000287641	0	0	0	0	0	0	0	0.484	0.484
LHX8	CHAT	9606.ENSP00000294638	9606.ENSP00000337103	0	0	0	0	0	0	0	0.400	0.400
LHX8	GAD1	9606.ENSP00000294638	9606.ENSP00000350928	0	0	0	0	0.087	0	0	0.391	0.420
LHX8	TBR1	9606.ENSP00000294638	9606.ENSP00000374205	0	0	0	0	0.106	0.071	0	0.366	0.427
LHX8	LHX6	9606.ENSP00000294638	9606.ENSP00000377854	0	0	0.055	0.951	0	0.164	0	0.399	0.484
LHX8	FOXG1	9606.ENSP00000294638	9606.ENSP00000339004	0	0	0	0	0.059	0.070	0	0.482	0.507
LHX8	GSX2	9606.ENSP00000294638	9606.ENSP00000319118	0	0	0	0	0	0.085	0	0.512	0.534
LHX8	DLX1	9606.ENSP00000294638	9606.ENSP00000354478	0	0	0	0	0.107	0.045	0	0.566	0.598
LHX8	SOHLH2	9606.ENSP00000294638	9606.ENSP00000369210	0	0	0	0	0.042	0	0	0.681	0.681
LHX8	SATB2	9606.ENSP00000294638	9606.ENSP00000401112	0	0	0	0	0	0	0	0.686	0.686
NEUROD6	SLC32A1	9606.ENSP00000297142	9606.ENSP00000217420	0	0	0	0	0.269	0	0	0.365	0.517
NEUROD6	SLC17A7	9606.ENSP00000297142	9606.ENSP00000221485	0	0	0	0	0.264	0	0	0.390	0.532
NEUROD6	DLX2	9606.ENSP00000297142	9606.ENSP00000234198	0	0	0	0	0.114	0	0	0.420	0.464
NEUROD6	GFAP	9606.ENSP00000297142	9606.ENSP00000253408	0	0	0	0	0.213	0	0	0.411	0.516
NEUROD6	EMX1	9606.ENSP00000297142	9606.ENSP00000258106	0	0	0	0	0.159	0	0	0.713	0.749
NEUROD6	SLC17A6	9606.ENSP00000297142	9606.ENSP00000263160	0	0	0	0	0.254	0	0	0.410	0.541
NEUROD6	CALB1	9606.ENSP00000297142	9606.ENSP00000265431	0	0	0	0	0.115	0	0	0.357	0.407
NEUROD6	ASCL1	9606.ENSP00000297142	9606.ENSP00000266744	0	0	0	0	0.201	0.094	0	0.496	0.603
NEUROD6	FEZF2	9606.ENSP00000297142	9606.ENSP00000283268	0	0	0	0	0.165	0.046	0	0.713	0.751
NEUROD6	INSM2	9606.ENSP00000297142	9606.ENSP00000306523	0	0	0	0	0.235	0.087	0	0.273	0.449
NEUROD6	BCL11B	9606.ENSP00000297142	9606.ENSP00000349723	0	0	0	0	0	0.046	0	0.461	0.464
NEUROD6	RBFOX3	9606.ENSP00000297142	9606.ENSP00000463653	0	0	0	0	0.192	0	0	0.370	0.469
NEUROD6	GAD2	9606.ENSP00000297142	9606.ENSP00000365437	0	0	0	0	0.241	0	0	0.358	0.492
NEUROD6	DLX1	9606.ENSP00000297142	9606.ENSP00000354478	0	0	0	0	0.103	0	0	0.467	0.501
NEUROD6	GAD1	9606.ENSP00000297142	9606.ENSP00000350928	0	0	0	0	0.171	0	0	0.442	0.518
NEUROD6	PAX6	9606.ENSP00000297142	9606.ENSP00000492024	0	0	0	0	0.149	0.045	0	0.466	0.529
NEUROD6	SATB2	9606.ENSP00000297142	9606.ENSP00000401112	0	0	0	0	0.074	0	0	0.711	0.722
NEUROD6	FOXG1	9606.ENSP00000297142	9606.ENSP00000339004	0	0	0	0	0.200	0	0	0.672	0.726
NEUROD6	TBR1	9606.ENSP00000297142	9606.ENSP00000374205	0	0	0	0	0.416	0.046	0	0.773	0.862
NEUROG2	SLC17A7	9606.ENSP00000317333	9606.ENSP00000221485	0	0	0	0	0	0	0	0.553	0.553
NEUROG2	DLX2	9606.ENSP00000317333	9606.ENSP00000234198	0	0	0	0	0.080	0	0	0.708	0.720
NEUROG2	GFAP	9606.ENSP00000317333	9606.ENSP00000253408	0	0	0	0	0.042	0	0	0.524	0.525
NEUROG2	EMX1	9606.ENSP00000317333	9606.ENSP00000258106	0	0	0	0	0.087	0	0	0.612	0.631
NEUROG2	SLC17A6	9606.ENSP00000317333	9606.ENSP00000263160	0	0	0	0	0.072	0	0	0.491	0.507
NEUROG2	CALB1	9606.ENSP00000317333	9606.ENSP00000265431	0	0	0	0	0.063	0	0	0.400	0.414
NEUROG2	ASCL1	9606.ENSP00000317333	9606.ENSP00000266744	0	0	0	0	0.139	0.113	0	0.971	0.976
NEUROG2	FEZF2	9606.ENSP00000317333	9606.ENSP00000283268	0	0	0	0	0.110	0.046	0	0.559	0.593
NEUROG2	CALB2	9606.ENSP00000317333	9606.ENSP00000307508	0	0	0	0	0.063	0	0	0.436	0.449
NEUROG2	SP8	9606.ENSP00000317333	9606.ENSP00000408792	0	0	0	0	0.056	0.046	0	0.395	0.408
NEUROG2	GAD2	9606.ENSP00000317333	9606.ENSP00000365437	0	0	0	0	0.075	0	0	0.414	0.435
NEUROG2	LHX6	9606.ENSP00000317333	9606.ENSP00000377854	0	0	0	0	0.067	0.048	0	0.438	0.458
NEUROG2	BCL11B	9606.ENSP00000317333	9606.ENSP00000349723	0	0	0	0	0	0.046	0	0.480	0.483
NEUROG2	SATB2	9606.ENSP00000317333	9606.ENSP00000401112	0	0	0	0	0	0	0	0.504	0.504
NEUROG2	GAD1	9606.ENSP00000317333	9606.ENSP00000350928	0	0	0	0	0.077	0	0	0.532	0.550
NEUROG2	DCX	9606.ENSP00000317333	9606.ENSP00000490614	0	0	0	0	0.061	0	0	0.563	0.572
NEUROG2	RBFOX3	9606.ENSP00000317333	9606.ENSP00000463653	0	0	0	0	0.053	0	0	0.581	0.586
NEUROG2	DLX1	9606.ENSP00000317333	9606.ENSP00000354478	0	0	0	0	0.070	0	0	0.588	0.601
NEUROG2	GSX2	9606.ENSP00000317333	9606.ENSP00000319118	0	0	0	0	0.057	0.045	0	0.611	0.619
NEUROG2	FOXG1	9606.ENSP00000317333	9606.ENSP00000339004	0	0	0	0	0.115	0	0	0.643	0.671
NEUROG2	TBR1	9606.ENSP00000317333	9606.ENSP00000374205	0	0	0	0	0.060	0.046	0	0.695	0.703
NEUROG2	POU3F2	9606.ENSP00000317333	9606.ENSP00000329170	0	0	0	0	0.144	0	0	0.711	0.742
NEUROG2	OLIG2	9606.ENSP00000317333	9606.ENSP00000331040	0	0	0	0.630	0.056	0.091	0	0.813	0.825
NEUROG2	PAX6	9606.ENSP00000317333	9606.ENSP00000492024	0	0	0	0	0.110	0.045	0	0.901	0.908
NGFR	GFAP	9606.ENSP00000172229	9606.ENSP00000253408	0	0	0	0	0.047	0	0	0.541	0.544
NGFR	CHAT	9606.ENSP00000172229	9606.ENSP00000337103	0	0	0	0	0.087	0	0	0.620	0.638
NGFR	FGF7	9606.ENSP00000172229	9606.ENSP00000267843	0	0	0	0	0.042	0	0.650	0.375	0.772
OLIG1	PVALB	9606.ENSP00000371785	9606.ENSP00000216200	0	0	0	0	0.142	0	0	0.353	0.421
OLIG1	SLC32A1	9606.ENSP00000371785	9606.ENSP00000217420	0	0	0	0	0.165	0	0	0.359	0.442
OLIG1	SLC17A7	9606.ENSP00000371785	9606.ENSP00000221485	0	0	0	0	0.121	0	0	0.375	0.427
OLIG1	DLX2	9606.ENSP00000371785	9606.ENSP00000234198	0	0	0	0	0.062	0	0	0.489	0.501
OLIG1	GFAP	9606.ENSP00000371785	9606.ENSP00000253408	0	0	0	0	0.192	0	0	0.727	0.770
OLIG1	EMX1	9606.ENSP00000371785	9606.ENSP00000258106	0	0	0	0	0.097	0	0	0.445	0.478
OLIG1	ASCL1	9606.ENSP00000371785	9606.ENSP00000266744	0	0	0	0	0.102	0.071	0	0.764	0.785
OLIG1	POU3F2	9606.ENSP00000371785	9606.ENSP00000329170	0	0	0	0	0.128	0	0	0.425	0.478
OLIG1	OLIG2	9606.ENSP00000371785	9606.ENSP00000331040	0	0	0	0.725	0.775	0	0	0.615	0.909
OLIG1	FOXG1	9606.ENSP00000371785	9606.ENSP00000339004	0	0	0	0	0.086	0	0	0.393	0.422
OLIG1	GAD1	9606.ENSP00000371785	9606.ENSP00000350928	0	0	0	0	0.122	0	0	0.446	0.493
OLIG1	DLX1	9606.ENSP00000371785	9606.ENSP00000354478	0	0	0	0	0.057	0	0	0.438	0.448
OLIG1	GAD2	9606.ENSP00000371785	9606.ENSP00000365437	0	0	0	0	0.144	0	0	0.355	0.425
OLIG1	DCX	9606.ENSP00000371785	9606.ENSP00000490614	0	0	0	0	0.043	0	0	0.448	0.449
OLIG1	TBR1	9606.ENSP00000371785	9606.ENSP00000374205	0	0	0	0	0.098	0.046	0	0.468	0.502
OLIG1	RBFOX3	9606.ENSP00000371785	9606.ENSP00000463653	0	0	0	0	0.111	0	0	0.514	0.550
OLIG1	PAX6	9606.ENSP00000371785	9606.ENSP00000492024	0	0	0	0	0.099	0.045	0	0.576	0.603
OLIG2	PVALB	9606.ENSP00000331040	9606.ENSP00000216200	0	0	0	0	0.138	0	0	0.699	0.729
OLIG2	SLC32A1	9606.ENSP00000331040	9606.ENSP00000217420	0	0	0	0	0.193	0	0	0.370	0.470
OLIG2	SLC17A7	9606.ENSP00000331040	9606.ENSP00000221485	0	0	0	0	0.126	0	0	0.487	0.533
OLIG2	DLX2	9606.ENSP00000331040	9606.ENSP00000234198	0	0	0	0	0.055	0	0	0.649	0.654
OLIG2	GFAP	9606.ENSP00000331040	9606.ENSP00000253408	0	0	0	0	0.196	0	0	0.904	0.919
OLIG2	EMX1	9606.ENSP00000331040	9606.ENSP00000258106	0	0	0	0	0.097	0	0	0.581	0.605
OLIG2	SLC17A6	9606.ENSP00000331040	9606.ENSP00000263160	0	0	0	0	0.124	0	0	0.410	0.462
OLIG2	CALB1	9606.ENSP00000331040	9606.ENSP00000265431	0	0	0	0	0.055	0	0	0.526	0.532
OLIG2	ASCL1	9606.ENSP00000331040	9606.ENSP00000266744	0	0	0	0	0.113	0.071	0	0.749	0.775
OLIG2	FEZF2	9606.ENSP00000331040	9606.ENSP00000283268	0	0	0	0	0.090	0.046	0	0.372	0.408
OLIG2	SST	9606.ENSP00000331040	9606.ENSP00000287641	0	0	0	0	0.117	0	0	0.384	0.433
OLIG2	CALB2	9606.ENSP00000331040	9606.ENSP00000307508	0	0	0	0	0.092	0	0	0.522	0.548
OLIG2	NEUROG2	9606.ENSP00000331040	9606.ENSP00000317333	0	0	0	0.630	0.056	0.091	0	0.813	0.825
OLIG2	GSX2	9606.ENSP00000331040	9606.ENSP00000319118	0	0	0	0	0.062	0.045	0	0.594	0.605
OLIG2	POU3F2	9606.ENSP00000331040	9606.ENSP00000329170	0	0	0	0	0.150	0	0	0.660	0.699
OLIG2	SP8	9606.ENSP00000331040	9606.ENSP00000408792	0	0	0	0	0	0.046	0	0.399	0.402
OLIG2	BCL11B	9606.ENSP00000331040	9606.ENSP00000349723	0	0	0	0	0	0.046	0	0.449	0.452
OLIG2	SATB2	9606.ENSP00000331040	9606.ENSP00000401112	0	0	0	0	0	0	0	0.474	0.474
OLIG2	CHAT	9606.ENSP00000331040	9606.ENSP00000337103	0	0	0	0	0	0	0	0.475	0.475
OLIG2	GAD2	9606.ENSP00000331040	9606.ENSP00000365437	0	0	0	0	0.144	0	0	0.425	0.487
OLIG2	LHX6	9606.ENSP00000331040	9606.ENSP00000377854	0	0	0	0	0	0.048	0	0.484	0.488
OLIG2	DLX1	9606.ENSP00000331040	9606.ENSP00000354478	0	0	0	0	0.060	0	0	0.522	0.531
OLIG2	GAD1	9606.ENSP00000331040	9606.ENSP00000350928	0	0	0	0	0.132	0	0	0.565	0.606
OLIG2	FOXG1	9606.ENSP00000331040	9606.ENSP00000339004	0	0	0	0	0.109	0	0	0.580	0.610
OLIG2	TBR1	9606.ENSP00000331040	9606.ENSP00000374205	0	0	0	0	0.101	0.046	0	0.662	0.685
OLIG2	DCX	9606.ENSP00000331040	9606.ENSP00000490614	0	0	0	0	0.044	0	0	0.705	0.706
OLIG2	RBFOX3	9606.ENSP00000331040	9606.ENSP00000463653	0	0	0	0	0.123	0	0	0.812	0.828
OLIG2	PAX6	9606.ENSP00000331040	9606.ENSP00000492024	0	0	0	0	0.103	0.045	0	0.867	0.877
OLIG2	OLIG1	9606.ENSP00000331040	9606.ENSP00000371785	0	0	0	0.725	0.775	0	0	0.615	0.909
PABPC1L2B	SLC32A1	9606.ENSP00000362621	9606.ENSP00000217420	0	0	0	0	0.349	0	0	0.150	0.423
PAX6	PVALB	9606.ENSP00000492024	9606.ENSP00000216200	0	0	0	0	0.083	0	0	0.502	0.524
PAX6	SLC32A1	9606.ENSP00000492024	9606.ENSP00000217420	0	0	0	0	0.167	0	0	0.355	0.439
PAX6	SLC17A7	9606.ENSP00000492024	9606.ENSP00000221485	0	0	0	0	0.074	0.060	0	0.586	0.609
PAX6	DLX2	9606.ENSP00000492024	9606.ENSP00000234198	0	0	0	0.582	0.049	0.071	0	0.800	0.808
PAX6	GFAP	9606.ENSP00000492024	9606.ENSP00000253408	0	0	0	0	0.084	0	0	0.763	0.774
PAX6	EMX1	9606.ENSP00000492024	9606.ENSP00000258106	0	0	0	0.601	0.066	0.086	0	0.454	0.494
PAX6	SLC17A6	9606.ENSP00000492024	9606.ENSP00000263160	0	0	0	0	0.084	0.060	0	0.475	0.508
PAX6	CALB1	9606.ENSP00000492024	9606.ENSP00000265431	0	0	0	0	0.098	0	0	0.677	0.697
PAX6	ASCL1	9606.ENSP00000492024	9606.ENSP00000266744	0	0	0	0	0.078	0	0	0.761	0.770
PAX6	FGF7	9606.ENSP00000492024	9606.ENSP00000267843	0	0	0	0	0.077	0	0	0.518	0.536
PAX6	FEZF2	9606.ENSP00000492024	9606.ENSP00000283268	0	0	0	0	0.067	0.070	0	0.695	0.712
PAX6	SST	9606.ENSP00000492024	9606.ENSP00000287641	0	0	0	0	0.074	0	0	0.601	0.615
PAX6	NEUROD6	9606.ENSP00000492024	9606.ENSP00000297142	0	0	0	0	0.149	0.045	0	0.466	0.529
PAX6	CALB2	9606.ENSP00000492024	9606.ENSP00000307508	0	0	0	0	0.086	0	0	0.724	0.737
PAX6	NEUROG2	9606.ENSP00000492024	9606.ENSP00000317333	0	0	0	0	0.110	0.045	0	0.901	0.908
PAX6	POU3F2	9606.ENSP00000492024	9606.ENSP00000329170	0	0	0	0	0.114	0.052	0	0.669	0.698
PAX6	OLIG2	9606.ENSP00000492024	9606.ENSP00000331040	0	0	0	0	0.103	0.045	0	0.867	0.877
PAX6	CHAT	9606.ENSP00000492024	9606.ENSP00000337103	0	0	0	0	0	0	0	0.419	0.418
PAX6	FOXG1	9606.ENSP00000492024	9606.ENSP00000339004	0	0	0	0	0.140	0.084	0	0.842	0.865
PAX6	BCL11B	9606.ENSP00000492024	9606.ENSP00000349723	0	0	0	0	0	0.069	0	0.703	0.711
PAX6	GAD1	9606.ENSP00000492024	9606.ENSP00000350928	0	0	0	0	0.063	0	0	0.609	0.618
PAX6	GAD2	9606.ENSP00000492024	9606.ENSP00000365437	0	0	0	0	0.113	0	0	0.514	0.551
PAX6	OLIG1	9606.ENSP00000492024	9606.ENSP00000371785	0	0	0	0	0.099	0.045	0	0.576	0.603
PAX6	TBR1	9606.ENSP00000492024	9606.ENSP00000374205	0	0	0	0	0.093	0.071	0	0.907	0.915
PAX6	LHX6	9606.ENSP00000492024	9606.ENSP00000377854	0	0	0	0	0.064	0.091	0	0.627	0.655
PAX6	SATB2	9606.ENSP00000492024	9606.ENSP00000401112	0	0	0	0	0.042	0	0	0.731	0.731
PAX6	SP8	9606.ENSP00000492024	9606.ENSP00000408792	0	0	0	0	0.068	0.070	0	0.575	0.600
PAX6	RBFOX3	9606.ENSP00000492024	9606.ENSP00000463653	0	0	0	0	0.077	0	0	0.670	0.683
PAX6	DCX	9606.ENSP00000492024	9606.ENSP00000490614	0	0	0	0	0.059	0	0	0.654	0.661
POU3F2	SLC17A7	9606.ENSP00000329170	9606.ENSP00000221485	0	0	0	0	0.067	0	0	0.512	0.525
POU3F2	DLX2	9606.ENSP00000329170	9606.ENSP00000234198	0	0	0	0	0.094	0.059	0	0.633	0.660
POU3F2	GFAP	9606.ENSP00000329170	9606.ENSP00000253408	0	0	0	0	0.098	0	0	0.447	0.479
POU3F2	EMX1	9606.ENSP00000329170	9606.ENSP00000258106	0	0	0	0	0.074	0	0	0.424	0.444
POU3F2	ASCL1	9606.ENSP00000329170	9606.ENSP00000266744	0	0	0	0	0.140	0.049	0	0.968	0.971
POU3F2	FEZF2	9606.ENSP00000329170	9606.ENSP00000283268	0	0	0	0	0.091	0.053	0	0.522	0.553
POU3F2	NEUROG2	9606.ENSP00000329170	9606.ENSP00000317333	0	0	0	0	0.144	0	0	0.711	0.742
POU3F2	DCX	9606.ENSP00000329170	9606.ENSP00000490614	0	0	0	0	0.096	0	0	0.375	0.411
POU3F2	GAD1	9606.ENSP00000329170	9606.ENSP00000350928	0	0	0	0	0.110	0	0	0.366	0.412
POU3F2	OLIG1	9606.ENSP00000329170	9606.ENSP00000371785	0	0	0	0	0.128	0	0	0.425	0.478
POU3F2	RBFOX3	9606.ENSP00000329170	9606.ENSP00000463653	0	0	0	0	0	0.061	0	0.473	0.483
POU3F2	DLX1	9606.ENSP00000329170	9606.ENSP00000354478	0	0	0	0	0.113	0.059	0	0.602	0.639
POU3F2	SATB2	9606.ENSP00000329170	9606.ENSP00000401112	0	0	0	0	0.076	0	0	0.629	0.643
POU3F2	FOXG1	9606.ENSP00000329170	9606.ENSP00000339004	0	0	0	0	0.137	0	0	0.625	0.663
POU3F2	BCL11B	9606.ENSP00000329170	9606.ENSP00000349723	0	0	0	0	0.060	0.053	0	0.661	0.672
POU3F2	PAX6	9606.ENSP00000329170	9606.ENSP00000492024	0	0	0	0	0.114	0.052	0	0.669	0.698
POU3F2	OLIG2	9606.ENSP00000329170	9606.ENSP00000331040	0	0	0	0	0.150	0	0	0.660	0.699
POU3F2	TBR1	9606.ENSP00000329170	9606.ENSP00000374205	0	0	0	0	0.079	0.091	0	0.716	0.741
PVALB	SLC6A13	9606.ENSP00000216200	9606.ENSP00000339260	0	0	0	0	0.083	0	0	0.388	0.415
PVALB	OLIG1	9606.ENSP00000216200	9606.ENSP00000371785	0	0	0	0	0.142	0	0	0.353	0.421
PVALB	SP8	9606.ENSP00000216200	9606.ENSP00000408792	0	0	0	0	0.042	0.095	0	0.386	0.421
PVALB	GSX2	9606.ENSP00000216200	9606.ENSP00000319118	0	0	0	0	0.060	0	0	0.415	0.426
PVALB	LAMP5	9606.ENSP00000216200	9606.ENSP00000246070	0	0	0	0	0.120	0.045	0	0.382	0.436
PVALB	FOXG1	9606.ENSP00000216200	9606.ENSP00000339004	0	0	0	0	0.083	0.089	0	0.382	0.439
PVALB	ASCL1	9606.ENSP00000216200	9606.ENSP00000266744	0	0	0	0	0.081	0	0	0.419	0.443
PVALB	LHX8	9606.ENSP00000216200	9606.ENSP00000294638	0	0	0	0	0	0.100	0	0.416	0.452
PVALB	SATB2	9606.ENSP00000216200	9606.ENSP00000401112	0	0	0	0	0.044	0	0	0.450	0.452
PVALB	BCL11B	9606.ENSP00000216200	9606.ENSP00000349723	0	0	0	0	0.049	0.095	0	0.489	0.522
PVALB	PAX6	9606.ENSP00000216200	9606.ENSP00000492024	0	0	0	0	0.083	0	0	0.502	0.524
PVALB	DLX2	9606.ENSP00000216200	9606.ENSP00000234198	0	0	0	0	0.044	0	0	0.591	0.592
PVALB	EMX1	9606.ENSP00000216200	9606.ENSP00000258106	0	0	0	0	0.099	0	0	0.608	0.631
PVALB	TBR1	9606.ENSP00000216200	9606.ENSP00000374205	0	0	0	0	0.098	0.042	0	0.619	0.642
PVALB	DLX1	9606.ENSP00000216200	9606.ENSP00000354478	0	0	0	0	0.068	0	0	0.669	0.678
PVALB	DCX	9606.ENSP00000216200	9606.ENSP00000490614	0	0	0	0	0	0	0	0.715	0.715
PVALB	OLIG2	9606.ENSP00000216200	9606.ENSP00000331040	0	0	0	0	0.138	0	0	0.699	0.729
PVALB	LHX6	9606.ENSP00000216200	9606.ENSP00000377854	0	0	0	0	0.062	0.100	0	0.743	0.764
PVALB	SLC17A6	9606.ENSP00000216200	9606.ENSP00000263160	0	0	0	0	0.107	0.051	0	0.745	0.765
PVALB	GFAP	9606.ENSP00000216200	9606.ENSP00000253408	0	0	0	0	0.144	0	0	0.743	0.771
PVALB	CHAT	9606.ENSP00000216200	9606.ENSP00000337103	0	0	0	0	0	0	0	0.772	0.772
PVALB	RBFOX3	9606.ENSP00000216200	9606.ENSP00000463653	0	0	0	0	0.156	0.046	0	0.773	0.801
PVALB	SLC17A7	9606.ENSP00000216200	9606.ENSP00000221485	0	0	0	0	0.149	0.051	0	0.779	0.806
PVALB	SLC32A1	9606.ENSP00000216200	9606.ENSP00000217420	0	0	0	0	0.195	0	0	0.776	0.812
PVALB	GAD2	9606.ENSP00000216200	9606.ENSP00000365437	0	0	0	0	0.162	0.091	0	0.800	0.835
PVALB	SST	9606.ENSP00000216200	9606.ENSP00000287641	0	0	0	0	0.082	0	0	0.934	0.937
PVALB	CALB1	9606.ENSP00000216200	9606.ENSP00000265431	0	0	0	0	0.082	0	0	0.962	0.964
PVALB	CALB2	9606.ENSP00000216200	9606.ENSP00000307508	0	0	0	0	0.084	0	0	0.965	0.967
PVALB	GAD1	9606.ENSP00000216200	9606.ENSP00000350928	0	0	0	0	0.133	0.091	0	0.962	0.968
RBFOX3	PVALB	9606.ENSP00000463653	9606.ENSP00000216200	0	0	0	0	0.156	0.046	0	0.773	0.801
RBFOX3	SLC32A1	9606.ENSP00000463653	9606.ENSP00000217420	0	0	0	0	0.198	0.046	0	0.623	0.686
RBFOX3	SLC17A7	9606.ENSP00000463653	9606.ENSP00000221485	0	0	0	0	0.174	0	0	0.720	0.759
RBFOX3	DLX2	9606.ENSP00000463653	9606.ENSP00000234198	0	0	0	0	0	0	0	0.419	0.418
RBFOX3	GFAP	9606.ENSP00000463653	9606.ENSP00000253408	0	0	0	0	0.192	0.050	0	0.917	0.931
RBFOX3	EMX1	9606.ENSP00000463653	9606.ENSP00000258106	0	0	0	0	0.086	0	0	0.474	0.498
RBFOX3	SLC17A6	9606.ENSP00000463653	9606.ENSP00000263160	0	0	0	0	0.159	0	0	0.690	0.728
RBFOX3	CALB1	9606.ENSP00000463653	9606.ENSP00000265431	0	0	0	0	0.126	0.046	0	0.785	0.805
RBFOX3	ASCL1	9606.ENSP00000463653	9606.ENSP00000266744	0	0	0	0	0.072	0.054	0	0.594	0.612
RBFOX3	SST	9606.ENSP00000463653	9606.ENSP00000287641	0	0	0	0	0.141	0	0	0.570	0.614
RBFOX3	NEUROD6	9606.ENSP00000463653	9606.ENSP00000297142	0	0	0	0	0.192	0	0	0.370	0.469
RBFOX3	CALB2	9606.ENSP00000463653	9606.ENSP00000307508	0	0	0	0	0.119	0.046	0	0.735	0.758
RBFOX3	NEUROG2	9606.ENSP00000463653	9606.ENSP00000317333	0	0	0	0	0.053	0	0	0.581	0.586
RBFOX3	POU3F2	9606.ENSP00000463653	9606.ENSP00000329170	0	0	0	0	0	0.061	0	0.473	0.483
RBFOX3	OLIG2	9606.ENSP00000463653	9606.ENSP00000331040	0	0	0	0	0.123	0	0	0.812	0.828
RBFOX3	CHAT	9606.ENSP00000463653	9606.ENSP00000337103	0	0	0	0	0	0	0	0.661	0.661
RBFOX3	FOXG1	9606.ENSP00000463653	9606.ENSP00000339004	0	0	0	0	0.085	0.053	0	0.446	0.478
RBFOX3	BCL11B	9606.ENSP00000463653	9606.ENSP00000349723	0	0	0	0	0	0.054	0	0.630	0.635
RBFOX3	GAD1	9606.ENSP00000463653	9606.ENSP00000350928	0	0	0	0	0.139	0.045	0	0.765	0.790
RBFOX3	GAD2	9606.ENSP00000463653	9606.ENSP00000365437	0	0	0	0	0.193	0.045	0	0.629	0.689
RBFOX3	OLIG1	9606.ENSP00000463653	9606.ENSP00000371785	0	0	0	0	0.111	0	0	0.514	0.550
RBFOX3	TBR1	9606.ENSP00000463653	9606.ENSP00000374205	0	0	0	0	0.180	0.051	0	0.666	0.717
RBFOX3	SATB2	9606.ENSP00000463653	9606.ENSP00000401112	0	0	0	0	0	0.054	0	0.518	0.524
RBFOX3	PAX6	9606.ENSP00000463653	9606.ENSP00000492024	0	0	0	0	0.077	0	0	0.670	0.683
RBFOX3	DCX	9606.ENSP00000463653	9606.ENSP00000490614	0	0	0	0	0.074	0	0	0.884	0.888
SATB2	PVALB	9606.ENSP00000401112	9606.ENSP00000216200	0	0	0	0	0.044	0	0	0.450	0.452
SATB2	SLC17A7	9606.ENSP00000401112	9606.ENSP00000221485	0	0	0	0	0.067	0	0	0.519	0.532
SATB2	DLX2	9606.ENSP00000401112	9606.ENSP00000234198	0	0	0	0	0.048	0	0	0.428	0.432
SATB2	GFAP	9606.ENSP00000401112	9606.ENSP00000253408	0	0	0	0	0.058	0.071	0	0.542	0.564
SATB2	EMX1	9606.ENSP00000401112	9606.ENSP00000258106	0	0	0	0	0.073	0	0	0.624	0.637
SATB2	ASCL1	9606.ENSP00000401112	9606.ENSP00000266744	0	0	0	0	0.042	0	0	0.587	0.588
SATB2	FEZF2	9606.ENSP00000401112	9606.ENSP00000283268	0	0	0	0	0.043	0.053	0	0.747	0.750
SATB2	LHX8	9606.ENSP00000401112	9606.ENSP00000294638	0	0	0	0	0	0	0	0.686	0.686
SATB2	NEUROD6	9606.ENSP00000401112	9606.ENSP00000297142	0	0	0	0	0.074	0	0	0.711	0.722
SATB2	CALB2	9606.ENSP00000401112	9606.ENSP00000307508	0	0	0	0	0	0	0	0.441	0.441
SATB2	NEUROG2	9606.ENSP00000401112	9606.ENSP00000317333	0	0	0	0	0	0	0	0.504	0.504
SATB2	POU3F2	9606.ENSP00000401112	9606.ENSP00000329170	0	0	0	0	0.076	0	0	0.629	0.643
SATB2	OLIG2	9606.ENSP00000401112	9606.ENSP00000331040	0	0	0	0	0	0	0	0.474	0.474
SATB2	FOXG1	9606.ENSP00000401112	9606.ENSP00000339004	0	0	0	0	0.049	0.164	0	0.693	0.735
SATB2	BCL11B	9606.ENSP00000401112	9606.ENSP00000349723	0	0	0	0	0.065	0.053	0	0.842	0.848
SATB2	GAD1	9606.ENSP00000401112	9606.ENSP00000350928	0	0	0	0	0.056	0	0	0.510	0.517
SATB2	DLX1	9606.ENSP00000401112	9606.ENSP00000354478	0	0	0	0	0.063	0	0	0.424	0.437
SATB2	GAD2	9606.ENSP00000401112	9606.ENSP00000365437	0	0	0	0	0.048	0	0	0.403	0.408
SATB2	TBR1	9606.ENSP00000401112	9606.ENSP00000374205	0	0	0	0	0.105	0	0	0.891	0.898
SATB2	LHX6	9606.ENSP00000401112	9606.ENSP00000377854	0	0	0	0	0	0.398	0	0.425	0.639
SATB2	SP8	9606.ENSP00000401112	9606.ENSP00000408792	0	0	0	0	0.042	0.053	0	0.397	0.405
SATB2	RBFOX3	9606.ENSP00000401112	9606.ENSP00000463653	0	0	0	0	0	0.054	0	0.518	0.524
SATB2	PAX6	9606.ENSP00000401112	9606.ENSP00000492024	0	0	0	0	0.042	0	0	0.731	0.731
SLC17A6	PVALB	9606.ENSP00000263160	9606.ENSP00000216200	0	0	0	0	0.107	0.051	0	0.745	0.765
SLC17A6	SLC32A1	9606.ENSP00000263160	9606.ENSP00000217420	0	0	0	0	0.199	0	0.900	0.898	0.991
SLC17A6	SLC17A7	9606.ENSP00000263160	9606.ENSP00000221485	0	0	0.051	0.979	0.138	0.099	0.900	0.061	0.918
SLC17A6	SLC1A6	9606.ENSP00000263160	9606.ENSP00000221742	0	0	0	0	0.074	0.053	0	0.447	0.473
SLC17A6	GFAP	9606.ENSP00000263160	9606.ENSP00000253408	0	0	0	0	0.175	0	0	0.573	0.633
SLC17A6	EMX1	9606.ENSP00000263160	9606.ENSP00000258106	0	0	0	0	0.086	0	0	0.420	0.447
SLC17A6	CPLX1	9606.ENSP00000263160	9606.ENSP00000305613	0	0	0	0	0.120	0	0	0.358	0.411
SLC17A6	FOXG1	9606.ENSP00000263160	9606.ENSP00000339004	0	0	0	0	0.104	0.045	0	0.371	0.414
SLC17A6	DCX	9606.ENSP00000263160	9606.ENSP00000490614	0	0	0	0	0.181	0	0	0.354	0.448
SLC17A6	OLIG2	9606.ENSP00000263160	9606.ENSP00000331040	0	0	0	0	0.124	0	0	0.410	0.462
SLC17A6	ASCL1	9606.ENSP00000263160	9606.ENSP00000266744	0	0	0	0	0.106	0	0	0.450	0.487
SLC17A6	NEUROG2	9606.ENSP00000263160	9606.ENSP00000317333	0	0	0	0	0.072	0	0	0.491	0.507
SLC17A6	PAX6	9606.ENSP00000263160	9606.ENSP00000492024	0	0	0	0	0.084	0.060	0	0.475	0.508
SLC17A6	NEUROD6	9606.ENSP00000263160	9606.ENSP00000297142	0	0	0	0	0.254	0	0	0.410	0.541
SLC17A6	TBR1	9606.ENSP00000263160	9606.ENSP00000374205	0	0	0	0	0.166	0.045	0	0.521	0.585
SLC17A6	CHAT	9606.ENSP00000263160	9606.ENSP00000337103	0	0	0	0	0	0	0	0.679	0.679
SLC17A6	SST	9606.ENSP00000263160	9606.ENSP00000287641	0	0	0	0	0.182	0	0	0.633	0.687
SLC17A6	RBFOX3	9606.ENSP00000263160	9606.ENSP00000463653	0	0	0	0	0.159	0	0	0.690	0.728
SLC17A6	CALB1	9606.ENSP00000263160	9606.ENSP00000265431	0	0	0	0	0.101	0.051	0	0.709	0.730
SLC17A6	CALB2	9606.ENSP00000263160	9606.ENSP00000307508	0	0	0	0	0.172	0.051	0	0.685	0.731
SLC17A6	GAD2	9606.ENSP00000263160	9606.ENSP00000365437	0	0	0	0	0.191	0.092	0	0.805	0.844
SLC17A6	GAD1	9606.ENSP00000263160	9606.ENSP00000350928	0	0	0	0	0.086	0.075	0	0.874	0.884
SLC17A7	PVALB	9606.ENSP00000221485	9606.ENSP00000216200	0	0	0	0	0.149	0.051	0	0.779	0.806
SLC17A7	SLC32A1	9606.ENSP00000221485	9606.ENSP00000217420	0	0	0	0	0.226	0	0.900	0.959	0.996
SLC17A7	DLX2	9606.ENSP00000221485	9606.ENSP00000234198	0	0	0	0	0	0	0	0.403	0.403
SLC17A7	OLIG1	9606.ENSP00000221485	9606.ENSP00000371785	0	0	0	0	0.121	0	0	0.375	0.427
SLC17A7	LHX6	9606.ENSP00000221485	9606.ENSP00000377854	0	0	0	0	0.067	0	0	0.422	0.437
SLC17A7	FEZF2	9606.ENSP00000221485	9606.ENSP00000283268	0	0	0	0	0.110	0	0	0.438	0.478
SLC17A7	DCX	9606.ENSP00000221485	9606.ENSP00000490614	0	0	0	0	0.042	0	0	0.487	0.488
SLC17A7	ASCL1	9606.ENSP00000221485	9606.ENSP00000266744	0	0	0	0	0.084	0	0	0.466	0.489
SLC17A7	LAMP5	9606.ENSP00000221485	9606.ENSP00000246070	0	0	0	0	0.157	0	0	0.431	0.500
SLC17A7	SLC1A6	9606.ENSP00000221485	9606.ENSP00000221742	0	0	0	0	0.086	0.053	0	0.488	0.518
SLC17A7	POU3F2	9606.ENSP00000221485	9606.ENSP00000329170	0	0	0	0	0.067	0	0	0.512	0.525
SLC17A7	NEUROD6	9606.ENSP00000221485	9606.ENSP00000297142	0	0	0	0	0.264	0	0	0.390	0.532
SLC17A7	SATB2	9606.ENSP00000221485	9606.ENSP00000401112	0	0	0	0	0.067	0	0	0.519	0.532
SLC17A7	OLIG2	9606.ENSP00000221485	9606.ENSP00000331040	0	0	0	0	0.126	0	0	0.487	0.533
SLC17A7	EMX1	9606.ENSP00000221485	9606.ENSP00000258106	0	0	0	0	0.121	0	0	0.507	0.548
SLC17A7	NEUROG2	9606.ENSP00000221485	9606.ENSP00000317333	0	0	0	0	0	0	0	0.553	0.553
SLC17A7	FOXG1	9606.ENSP00000221485	9606.ENSP00000339004	0	0	0	0	0.106	0.045	0	0.521	0.555
SLC17A7	BCL11B	9606.ENSP00000221485	9606.ENSP00000349723	0	0	0	0	0.042	0	0	0.578	0.578
SLC17A7	PAX6	9606.ENSP00000221485	9606.ENSP00000492024	0	0	0	0	0.074	0.060	0	0.586	0.609
SLC17A7	CHAT	9606.ENSP00000221485	9606.ENSP00000337103	0	0	0	0	0.049	0	0	0.644	0.647
SLC17A7	SST	9606.ENSP00000221485	9606.ENSP00000287641	0	0	0	0	0.144	0	0	0.608	0.650
SLC17A7	CALB2	9606.ENSP00000221485	9606.ENSP00000307508	0	0	0	0	0.125	0.051	0	0.655	0.689
SLC17A7	CPLX1	9606.ENSP00000221485	9606.ENSP00000305613	0	0	0	0	0.180	0	0.500	0.359	0.714
SLC17A7	CALB1	9606.ENSP00000221485	9606.ENSP00000265431	0	0	0	0	0.101	0.051	0	0.703	0.724
SLC17A7	TBR1	9606.ENSP00000221485	9606.ENSP00000374205	0	0	0	0	0.206	0.045	0	0.680	0.736
SLC17A7	RBFOX3	9606.ENSP00000221485	9606.ENSP00000463653	0	0	0	0	0.174	0	0	0.720	0.759
SLC17A7	GFAP	9606.ENSP00000221485	9606.ENSP00000253408	0	0	0	0	0.186	0	0	0.784	0.817
SLC17A7	GAD1	9606.ENSP00000221485	9606.ENSP00000350928	0	0	0	0	0.109	0.087	0	0.833	0.852
SLC17A7	GAD2	9606.ENSP00000221485	9606.ENSP00000365437	0	0	0	0	0.181	0.097	0	0.855	0.883
SLC17A7	SLC17A6	9606.ENSP00000221485	9606.ENSP00000263160	0	0	0.051	0.979	0.138	0.099	0.900	0.061	0.918
SLC1A6	SLC32A1	9606.ENSP00000221742	9606.ENSP00000217420	0	0	0	0	0.123	0.053	0	0.354	0.417
SLC1A6	SLC17A7	9606.ENSP00000221742	9606.ENSP00000221485	0	0	0	0	0.086	0.053	0	0.488	0.518
SLC1A6	CALB1	9606.ENSP00000221742	9606.ENSP00000265431	0	0	0	0	0.095	0	0	0.378	0.413
SLC1A6	SLC6A13	9606.ENSP00000221742	9606.ENSP00000339260	0.046	0	0	0	0.065	0	0	0.397	0.416
SLC1A6	SLC17A6	9606.ENSP00000221742	9606.ENSP00000263160	0	0	0	0	0.074	0.053	0	0.447	0.473
SLC32A1	PVALB	9606.ENSP00000217420	9606.ENSP00000216200	0	0	0	0	0.195	0	0	0.776	0.812
SLC32A1	SLC1A6	9606.ENSP00000217420	9606.ENSP00000221742	0	0	0	0	0.123	0.053	0	0.354	0.417
SLC32A1	PABPC1L2B	9606.ENSP00000217420	9606.ENSP00000362621	0	0	0	0	0.349	0	0	0.150	0.423
SLC32A1	ASCL1	9606.ENSP00000217420	9606.ENSP00000266744	0	0	0	0	0.126	0	0	0.379	0.434
SLC32A1	DLX2	9606.ENSP00000217420	9606.ENSP00000234198	0	0	0	0	0.055	0	0	0.431	0.439
SLC32A1	PAX6	9606.ENSP00000217420	9606.ENSP00000492024	0	0	0	0	0.167	0	0	0.355	0.439
SLC32A1	OLIG1	9606.ENSP00000217420	9606.ENSP00000371785	0	0	0	0	0.165	0	0	0.359	0.442
SLC32A1	DLX1	9606.ENSP00000217420	9606.ENSP00000354478	0	0	0	0	0.106	0	0	0.409	0.449
SLC32A1	FOXG1	9606.ENSP00000217420	9606.ENSP00000339004	0	0	0	0	0.151	0.068	0	0.379	0.466
SLC32A1	OLIG2	9606.ENSP00000217420	9606.ENSP00000331040	0	0	0	0	0.193	0	0	0.370	0.470
SLC32A1	LHX6	9606.ENSP00000217420	9606.ENSP00000377854	0	0	0	0	0.067	0	0	0.484	0.498
SLC32A1	TBR1	9606.ENSP00000217420	9606.ENSP00000374205	0	0	0	0	0.141	0	0	0.448	0.506
SLC32A1	NEUROD6	9606.ENSP00000217420	9606.ENSP00000297142	0	0	0	0	0.269	0	0	0.365	0.517
SLC32A1	EMX1	9606.ENSP00000217420	9606.ENSP00000258106	0	0	0	0	0.120	0	0	0.480	0.522
SLC32A1	CASTOR3	9606.ENSP00000217420	9606.ENSP00000389760	0	0	0	0	0.081	0	0	0.590	0.607
SLC32A1	CHAT	9606.ENSP00000217420	9606.ENSP00000337103	0	0	0	0	0	0	0	0.630	0.630
SLC32A1	SLC6A13	9606.ENSP00000217420	9606.ENSP00000339260	0	0	0	0	0.123	0	0	0.608	0.641
SLC32A1	GFAP	9606.ENSP00000217420	9606.ENSP00000253408	0	0	0	0	0.256	0	0	0.540	0.643
SLC32A1	LAMP5	9606.ENSP00000217420	9606.ENSP00000246070	0	0	0	0	0.199	0	0	0.575	0.645
SLC32A1	RBFOX3	9606.ENSP00000217420	9606.ENSP00000463653	0	0	0	0	0.198	0.046	0	0.623	0.686
SLC32A1	CALB1	9606.ENSP00000217420	9606.ENSP00000265431	0	0	0	0	0.151	0	0	0.649	0.690
SLC32A1	CALB2	9606.ENSP00000217420	9606.ENSP00000307508	0	0	0	0	0.173	0	0	0.649	0.697
SLC32A1	SST	9606.ENSP00000217420	9606.ENSP00000287641	0	0	0	0	0.195	0	0	0.662	0.717
SLC32A1	CPLX1	9606.ENSP00000217420	9606.ENSP00000305613	0	0	0	0	0.294	0	0.500	0.319	0.739
SLC32A1	GAD1	9606.ENSP00000217420	9606.ENSP00000350928	0	0	0	0	0.228	0	0.500	0.946	0.977
SLC32A1	GAD2	9606.ENSP00000217420	9606.ENSP00000365437	0	0	0	0	0.307	0	0.500	0.966	0.987
SLC32A1	SLC17A6	9606.ENSP00000217420	9606.ENSP00000263160	0	0	0	0	0.199	0	0.900	0.898	0.991
SLC32A1	SLC17A7	9606.ENSP00000217420	9606.ENSP00000221485	0	0	0	0	0.226	0	0.900	0.959	0.996
SLC6A13	PVALB	9606.ENSP00000339260	9606.ENSP00000216200	0	0	0	0	0.083	0	0	0.388	0.415
SLC6A13	SLC32A1	9606.ENSP00000339260	9606.ENSP00000217420	0	0	0	0	0.123	0	0	0.608	0.641
SLC6A13	SLC1A6	9606.ENSP00000339260	9606.ENSP00000221742	0.046	0	0	0	0.065	0	0	0.397	0.416
SLC6A13	GAD1	9606.ENSP00000339260	9606.ENSP00000350928	0.042	0	0	0	0.089	0	0	0.594	0.615
SLC6A13	GAD2	9606.ENSP00000339260	9606.ENSP00000365437	0.042	0	0	0	0.093	0	0	0.600	0.622
SLC6A13	CASTOR3	9606.ENSP00000339260	9606.ENSP00000389760	0	0	0	0	0	0	0	0.883	0.883
SOHLH2	LHX8	9606.ENSP00000369210	9606.ENSP00000294638	0	0	0	0	0.042	0	0	0.681	0.681
SP8	PVALB	9606.ENSP00000408792	9606.ENSP00000216200	0	0	0	0	0.042	0.095	0	0.386	0.421
SP8	DLX2	9606.ENSP00000408792	9606.ENSP00000234198	0	0	0	0	0.087	0.071	0	0.592	0.624
SP8	EMX1	9606.ENSP00000408792	9606.ENSP00000258106	0	0	0	0	0.049	0.063	0	0.485	0.501
SP8	CALB1	9606.ENSP00000408792	9606.ENSP00000265431	0	0	0	0	0.042	0.095	0	0.369	0.405
SP8	ASCL1	9606.ENSP00000408792	9606.ENSP00000266744	0	0	0	0	0.065	0.091	0	0.449	0.492
SP8	CALB2	9606.ENSP00000408792	9606.ENSP00000307508	0	0	0	0	0	0.095	0	0.863	0.870
SP8	NEUROG2	9606.ENSP00000408792	9606.ENSP00000317333	0	0	0	0	0.056	0.046	0	0.395	0.408
SP8	GSX2	9606.ENSP00000408792	9606.ENSP00000319118	0	0	0.200	0	0.043	0.057	0	0.620	0.689
SP8	OLIG2	9606.ENSP00000408792	9606.ENSP00000331040	0	0	0	0	0	0.046	0	0.399	0.402
SP8	GAD1	9606.ENSP00000408792	9606.ENSP00000350928	0	0	0	0	0.062	0.046	0	0.392	0.408
SP8	DLX1	9606.ENSP00000408792	9606.ENSP00000354478	0	0	0	0	0.106	0.071	0	0.434	0.488
SP8	TBR1	9606.ENSP00000408792	9606.ENSP00000374205	0	0	0	0	0.059	0.054	0	0.461	0.479
SP8	LHX6	9606.ENSP00000408792	9606.ENSP00000377854	0	0	0	0	0.049	0.071	0	0.478	0.498
SP8	SATB2	9606.ENSP00000408792	9606.ENSP00000401112	0	0	0	0	0.042	0.053	0	0.397	0.405
SP8	PAX6	9606.ENSP00000408792	9606.ENSP00000492024	0	0	0	0	0.068	0.070	0	0.575	0.600
SST	PVALB	9606.ENSP00000287641	9606.ENSP00000216200	0	0	0	0	0.082	0	0	0.934	0.937
SST	SLC32A1	9606.ENSP00000287641	9606.ENSP00000217420	0	0	0	0	0.195	0	0	0.662	0.717
SST	SLC17A7	9606.ENSP00000287641	9606.ENSP00000221485	0	0	0	0	0.144	0	0	0.608	0.650
SST	DLX2	9606.ENSP00000287641	9606.ENSP00000234198	0	0	0	0	0	0	0	0.503	0.503
SST	LAMP5	9606.ENSP00000287641	9606.ENSP00000246070	0	0	0	0	0.142	0	0	0.512	0.564
SST	GFAP	9606.ENSP00000287641	9606.ENSP00000253408	0	0	0	0	0.136	0	0	0.557	0.601
SST	EMX1	9606.ENSP00000287641	9606.ENSP00000258106	0	0	0	0	0.067	0	0	0.418	0.434
SST	SLC17A6	9606.ENSP00000287641	9606.ENSP00000263160	0	0	0	0	0.182	0	0	0.633	0.687
SST	CALB1	9606.ENSP00000287641	9606.ENSP00000265431	0	0	0	0	0.090	0	0	0.875	0.882
SST	ASCL1	9606.ENSP00000287641	9606.ENSP00000266744	0	0	0	0	0.086	0	0	0.398	0.426
SST	OLIG2	9606.ENSP00000287641	9606.ENSP00000331040	0	0	0	0	0.117	0	0	0.384	0.433
SST	LHX8	9606.ENSP00000287641	9606.ENSP00000294638	0	0	0	0	0	0	0	0.484	0.484
SST	DLX1	9606.ENSP00000287641	9606.ENSP00000354478	0	0	0	0	0.047	0	0	0.600	0.602
SST	RBFOX3	9606.ENSP00000287641	9606.ENSP00000463653	0	0	0	0	0.141	0	0	0.570	0.614
SST	PAX6	9606.ENSP00000287641	9606.ENSP00000492024	0	0	0	0	0.074	0	0	0.601	0.615
SST	TBR1	9606.ENSP00000287641	9606.ENSP00000374205	0	0	0	0	0.086	0	0	0.628	0.645
SST	CHAT	9606.ENSP00000287641	9606.ENSP00000337103	0	0	0	0	0	0	0	0.668	0.668
SST	GAD2	9606.ENSP00000287641	9606.ENSP00000365437	0	0	0	0	0.214	0	0	0.693	0.749
SST	LHX6	9606.ENSP00000287641	9606.ENSP00000377854	0	0	0	0	0	0	0	0.814	0.814
SST	GAD1	9606.ENSP00000287641	9606.ENSP00000350928	0	0	0	0	0.135	0	0	0.859	0.873
SST	CALB2	9606.ENSP00000287641	9606.ENSP00000307508	0	0	0	0	0.134	0	0	0.931	0.938
TBR1	PVALB	9606.ENSP00000374205	9606.ENSP00000216200	0	0	0	0	0.098	0.042	0	0.619	0.642
TBR1	SLC32A1	9606.ENSP00000374205	9606.ENSP00000217420	0	0	0	0	0.141	0	0	0.448	0.506
TBR1	SLC17A7	9606.ENSP00000374205	9606.ENSP00000221485	0	0	0	0	0.206	0.045	0	0.680	0.736
TBR1	DLX2	9606.ENSP00000374205	9606.ENSP00000234198	0	0	0	0	0.109	0.091	0	0.692	0.729
TBR1	GFAP	9606.ENSP00000374205	9606.ENSP00000253408	0	0	0	0	0.137	0	0	0.729	0.756
TBR1	EMX1	9606.ENSP00000374205	9606.ENSP00000258106	0	0	0	0	0.097	0.049	0	0.803	0.816
TBR1	SLC17A6	9606.ENSP00000374205	9606.ENSP00000263160	0	0	0	0	0.166	0.045	0	0.521	0.585
TBR1	CALB1	9606.ENSP00000374205	9606.ENSP00000265431	0	0	0	0	0.062	0.042	0	0.677	0.684
TBR1	ASCL1	9606.ENSP00000374205	9606.ENSP00000266744	0	0	0	0	0.082	0.066	0	0.579	0.607
TBR1	FEZF2	9606.ENSP00000374205	9606.ENSP00000283268	0	0	0	0	0.164	0.054	0	0.932	0.941
TBR1	SST	9606.ENSP00000374205	9606.ENSP00000287641	0	0	0	0	0.086	0	0	0.628	0.645
TBR1	LHX8	9606.ENSP00000374205	9606.ENSP00000294638	0	0	0	0	0.106	0.071	0	0.366	0.427
TBR1	NEUROD6	9606.ENSP00000374205	9606.ENSP00000297142	0	0	0	0	0.416	0.046	0	0.773	0.862
TBR1	CALB2	9606.ENSP00000374205	9606.ENSP00000307508	0	0	0	0	0.072	0.042	0	0.764	0.772
TBR1	NEUROG2	9606.ENSP00000374205	9606.ENSP00000317333	0	0	0	0	0.060	0.046	0	0.695	0.703
TBR1	GSX2	9606.ENSP00000374205	9606.ENSP00000319118	0	0	0	0	0.042	0.073	0	0.627	0.640
TBR1	POU3F2	9606.ENSP00000374205	9606.ENSP00000329170	0	0	0	0	0.079	0.091	0	0.716	0.741
TBR1	OLIG2	9606.ENSP00000374205	9606.ENSP00000331040	0	0	0	0	0.101	0.046	0	0.662	0.685
TBR1	FOXG1	9606.ENSP00000374205	9606.ENSP00000339004	0	0	0	0	0.169	0.045	0	0.809	0.836
TBR1	BCL11B	9606.ENSP00000374205	9606.ENSP00000349723	0	0	0	0	0	0.054	0	0.882	0.884
TBR1	GAD1	9606.ENSP00000374205	9606.ENSP00000350928	0	0	0	0	0.147	0.046	0	0.667	0.705
TBR1	DLX1	9606.ENSP00000374205	9606.ENSP00000354478	0	0	0	0	0.089	0.091	0	0.576	0.618
TBR1	GAD2	9606.ENSP00000374205	9606.ENSP00000365437	0	0	0	0	0.178	0.046	0	0.530	0.600
TBR1	OLIG1	9606.ENSP00000374205	9606.ENSP00000371785	0	0	0	0	0.098	0.046	0	0.468	0.502
TBR1	SP8	9606.ENSP00000374205	9606.ENSP00000408792	0	0	0	0	0.059	0.054	0	0.461	0.479
TBR1	DCX	9606.ENSP00000374205	9606.ENSP00000490614	0	0	0	0	0.078	0.047	0	0.615	0.632
TBR1	RBFOX3	9606.ENSP00000374205	9606.ENSP00000463653	0	0	0	0	0.180	0.051	0	0.666	0.717
TBR1	LHX6	9606.ENSP00000374205	9606.ENSP00000377854	0	0	0	0	0.113	0.071	0	0.718	0.747
TBR1	SATB2	9606.ENSP00000374205	9606.ENSP00000401112	0	0	0	0	0.105	0	0	0.891	0.898
TBR1	PAX6	9606.ENSP00000374205	9606.ENSP00000492024	0	0	0	0	0.093	0.071	0	0.907	0.915
